test,expected,result
iriw_TB_0_1_2_3_SCOPE_BLOCK_FENCE_SCOPE_BLOCK_BOTH_FENCE.als,?,INSTANCE
iriw_TB_0_1_2_3_SCOPE_BLOCK_FENCE_SCOPE_BLOCK_THREAD_1_FENCE.als,?,INSTANCE
iriw_TB_0_1_2_3_SCOPE_BLOCK_FENCE_SCOPE_BLOCK_THREAD_3_FENCE.als,?,INSTANCE
iriw_TB_0_1_2_3_SCOPE_BLOCK_FENCE_SCOPE_DEVICE_BOTH_FENCE.als,?,INSTANCE
iriw_TB_0_1_2_3_SCOPE_BLOCK_FENCE_SCOPE_DEVICE_THREAD_1_FENCE.als,?,INSTANCE
iriw_TB_0_1_2_3_SCOPE_BLOCK_FENCE_SCOPE_DEVICE_THREAD_3_FENCE.als,?,INSTANCE
iriw_TB_0_1_2_3_SCOPE_BLOCK_NO_FENCE_ACQUIRE.als,?,INSTANCE
iriw_TB_0_1_2_3_SCOPE_BLOCK_NO_FENCE_RELAXED.als,?,INSTANCE
iriw_TB_0_1_2_3_SCOPE_DEVICE_FENCE_SCOPE_BLOCK_BOTH_FENCE.als,?,INSTANCE
iriw_TB_0_1_2_3_SCOPE_DEVICE_FENCE_SCOPE_BLOCK_THREAD_1_FENCE.als,?,INSTANCE
iriw_TB_0_1_2_3_SCOPE_DEVICE_FENCE_SCOPE_BLOCK_THREAD_3_FENCE.als,?,INSTANCE
iriw_TB_0_1_2_3_SCOPE_DEVICE_FENCE_SCOPE_DEVICE_BOTH_FENCE.als,?,INSTANCE
iriw_TB_0_1_2_3_SCOPE_DEVICE_FENCE_SCOPE_DEVICE_THREAD_1_FENCE.als,?,INSTANCE
iriw_TB_0_1_2_3_SCOPE_DEVICE_FENCE_SCOPE_DEVICE_THREAD_3_FENCE.als,?,INSTANCE
iriw_TB_0_1_2_3_SCOPE_DEVICE_NO_FENCE_ACQUIRE.als,?,INSTANCE
iriw_TB_0_1_2_3_SCOPE_DEVICE_NO_FENCE_RELAXED.als,?,INSTANCE
iriw_TB_0_1_23_SCOPE_BLOCK_FENCE_SCOPE_BLOCK_BOTH_FENCE.als,?,INSTANCE
iriw_TB_0_1_23_SCOPE_BLOCK_FENCE_SCOPE_BLOCK_THREAD_1_FENCE.als,?,INSTANCE
iriw_TB_0_1_23_SCOPE_BLOCK_FENCE_SCOPE_BLOCK_THREAD_3_FENCE.als,?,INSTANCE
iriw_TB_0_1_23_SCOPE_BLOCK_FENCE_SCOPE_DEVICE_BOTH_FENCE.als,?,INSTANCE
iriw_TB_0_1_23_SCOPE_BLOCK_FENCE_SCOPE_DEVICE_THREAD_1_FENCE.als,?,INSTANCE
iriw_TB_0_1_23_SCOPE_BLOCK_FENCE_SCOPE_DEVICE_THREAD_3_FENCE.als,?,INSTANCE
iriw_TB_0_1_23_SCOPE_BLOCK_NO_FENCE_ACQUIRE.als,?,INSTANCE
iriw_TB_0_1_23_SCOPE_BLOCK_NO_FENCE_RELAXED.als,?,INSTANCE
iriw_TB_0_1_23_SCOPE_DEVICE_FENCE_SCOPE_BLOCK_BOTH_FENCE.als,?,INSTANCE
iriw_TB_0_1_23_SCOPE_DEVICE_FENCE_SCOPE_BLOCK_THREAD_1_FENCE.als,?,INSTANCE
iriw_TB_0_1_23_SCOPE_DEVICE_FENCE_SCOPE_BLOCK_THREAD_3_FENCE.als,?,INSTANCE
iriw_TB_0_1_23_SCOPE_DEVICE_FENCE_SCOPE_DEVICE_BOTH_FENCE.als,?,INSTANCE
iriw_TB_0_1_23_SCOPE_DEVICE_FENCE_SCOPE_DEVICE_THREAD_1_FENCE.als,?,INSTANCE
iriw_TB_0_1_23_SCOPE_DEVICE_FENCE_SCOPE_DEVICE_THREAD_3_FENCE.als,?,INSTANCE
iriw_TB_0_1_23_SCOPE_DEVICE_NO_FENCE_ACQUIRE.als,?,INSTANCE
iriw_TB_0_1_23_SCOPE_DEVICE_NO_FENCE_RELAXED.als,?,INSTANCE
iriw_TB_0_12_3_SCOPE_BLOCK_FENCE_SCOPE_BLOCK_BOTH_FENCE.als,?,INSTANCE
iriw_TB_0_12_3_SCOPE_BLOCK_FENCE_SCOPE_BLOCK_THREAD_1_FENCE.als,?,INSTANCE
iriw_TB_0_12_3_SCOPE_BLOCK_FENCE_SCOPE_BLOCK_THREAD_3_FENCE.als,?,INSTANCE
iriw_TB_0_12_3_SCOPE_BLOCK_FENCE_SCOPE_DEVICE_BOTH_FENCE.als,?,INSTANCE
iriw_TB_0_12_3_SCOPE_BLOCK_FENCE_SCOPE_DEVICE_THREAD_1_FENCE.als,?,INSTANCE
iriw_TB_0_12_3_SCOPE_BLOCK_FENCE_SCOPE_DEVICE_THREAD_3_FENCE.als,?,INSTANCE
iriw_TB_0_12_3_SCOPE_BLOCK_NO_FENCE_ACQUIRE.als,?,INSTANCE
iriw_TB_0_12_3_SCOPE_BLOCK_NO_FENCE_RELAXED.als,?,INSTANCE
iriw_TB_0_12_3_SCOPE_DEVICE_FENCE_SCOPE_BLOCK_BOTH_FENCE.als,?,INSTANCE
iriw_TB_0_12_3_SCOPE_DEVICE_FENCE_SCOPE_BLOCK_THREAD_1_FENCE.als,?,INSTANCE
iriw_TB_0_12_3_SCOPE_DEVICE_FENCE_SCOPE_BLOCK_THREAD_3_FENCE.als,?,INSTANCE
iriw_TB_0_12_3_SCOPE_DEVICE_FENCE_SCOPE_DEVICE_BOTH_FENCE.als,?,INSTANCE
iriw_TB_0_12_3_SCOPE_DEVICE_FENCE_SCOPE_DEVICE_THREAD_1_FENCE.als,?,INSTANCE
iriw_TB_0_12_3_SCOPE_DEVICE_FENCE_SCOPE_DEVICE_THREAD_3_FENCE.als,?,INSTANCE
iriw_TB_0_12_3_SCOPE_DEVICE_NO_FENCE_ACQUIRE.als,?,INSTANCE
iriw_TB_0_12_3_SCOPE_DEVICE_NO_FENCE_RELAXED.als,?,INSTANCE
iriw_TB_0_123_SCOPE_BLOCK_FENCE_SCOPE_BLOCK_BOTH_FENCE.als,?,INSTANCE
iriw_TB_0_123_SCOPE_BLOCK_FENCE_SCOPE_BLOCK_THREAD_1_FENCE.als,?,INSTANCE
iriw_TB_0_123_SCOPE_BLOCK_FENCE_SCOPE_BLOCK_THREAD_3_FENCE.als,?,INSTANCE
iriw_TB_0_123_SCOPE_BLOCK_FENCE_SCOPE_DEVICE_BOTH_FENCE.als,?,INSTANCE
iriw_TB_0_123_SCOPE_BLOCK_FENCE_SCOPE_DEVICE_THREAD_1_FENCE.als,?,INSTANCE
iriw_TB_0_123_SCOPE_BLOCK_FENCE_SCOPE_DEVICE_THREAD_3_FENCE.als,?,INSTANCE
iriw_TB_0_123_SCOPE_BLOCK_NO_FENCE_ACQUIRE.als,?,INSTANCE
iriw_TB_0_123_SCOPE_BLOCK_NO_FENCE_RELAXED.als,?,INSTANCE
iriw_TB_0_123_SCOPE_DEVICE_FENCE_SCOPE_BLOCK_BOTH_FENCE.als,?,INSTANCE
iriw_TB_0_123_SCOPE_DEVICE_FENCE_SCOPE_BLOCK_THREAD_1_FENCE.als,?,INSTANCE
iriw_TB_0_123_SCOPE_DEVICE_FENCE_SCOPE_BLOCK_THREAD_3_FENCE.als,?,INSTANCE
iriw_TB_0_123_SCOPE_DEVICE_FENCE_SCOPE_DEVICE_BOTH_FENCE.als,?,INSTANCE
iriw_TB_0_123_SCOPE_DEVICE_FENCE_SCOPE_DEVICE_THREAD_1_FENCE.als,?,INSTANCE
iriw_TB_0_123_SCOPE_DEVICE_FENCE_SCOPE_DEVICE_THREAD_3_FENCE.als,?,INSTANCE
iriw_TB_0_123_SCOPE_DEVICE_NO_FENCE_ACQUIRE.als,?,INSTANCE
iriw_TB_0_123_SCOPE_DEVICE_NO_FENCE_RELAXED.als,?,INSTANCE
iriw_TB_0_2_13_SCOPE_BLOCK_FENCE_SCOPE_BLOCK_BOTH_FENCE.als,?,INSTANCE
iriw_TB_0_2_13_SCOPE_BLOCK_FENCE_SCOPE_BLOCK_THREAD_1_FENCE.als,?,INSTANCE
iriw_TB_0_2_13_SCOPE_BLOCK_FENCE_SCOPE_BLOCK_THREAD_3_FENCE.als,?,INSTANCE
iriw_TB_0_2_13_SCOPE_BLOCK_FENCE_SCOPE_DEVICE_BOTH_FENCE.als,?,INSTANCE
iriw_TB_0_2_13_SCOPE_BLOCK_FENCE_SCOPE_DEVICE_THREAD_1_FENCE.als,?,INSTANCE
iriw_TB_0_2_13_SCOPE_BLOCK_FENCE_SCOPE_DEVICE_THREAD_3_FENCE.als,?,INSTANCE
iriw_TB_0_2_13_SCOPE_BLOCK_NO_FENCE_ACQUIRE.als,?,INSTANCE
iriw_TB_0_2_13_SCOPE_BLOCK_NO_FENCE_RELAXED.als,?,INSTANCE
iriw_TB_0_2_13_SCOPE_DEVICE_FENCE_SCOPE_BLOCK_BOTH_FENCE.als,?,INSTANCE
iriw_TB_0_2_13_SCOPE_DEVICE_FENCE_SCOPE_BLOCK_THREAD_1_FENCE.als,?,INSTANCE
iriw_TB_0_2_13_SCOPE_DEVICE_FENCE_SCOPE_BLOCK_THREAD_3_FENCE.als,?,INSTANCE
iriw_TB_0_2_13_SCOPE_DEVICE_FENCE_SCOPE_DEVICE_BOTH_FENCE.als,?,INSTANCE
iriw_TB_0_2_13_SCOPE_DEVICE_FENCE_SCOPE_DEVICE_THREAD_1_FENCE.als,?,INSTANCE
iriw_TB_0_2_13_SCOPE_DEVICE_FENCE_SCOPE_DEVICE_THREAD_3_FENCE.als,?,INSTANCE
iriw_TB_0_2_13_SCOPE_DEVICE_NO_FENCE_ACQUIRE.als,?,INSTANCE
iriw_TB_0_2_13_SCOPE_DEVICE_NO_FENCE_RELAXED.als,?,INSTANCE
iriw_TB_01_2_3_SCOPE_BLOCK_FENCE_SCOPE_BLOCK_BOTH_FENCE.als,?,INSTANCE
iriw_TB_01_2_3_SCOPE_BLOCK_FENCE_SCOPE_BLOCK_THREAD_1_FENCE.als,?,INSTANCE
iriw_TB_01_2_3_SCOPE_BLOCK_FENCE_SCOPE_BLOCK_THREAD_3_FENCE.als,?,INSTANCE
iriw_TB_01_2_3_SCOPE_BLOCK_FENCE_SCOPE_DEVICE_BOTH_FENCE.als,?,INSTANCE
iriw_TB_01_2_3_SCOPE_BLOCK_FENCE_SCOPE_DEVICE_THREAD_1_FENCE.als,?,INSTANCE
iriw_TB_01_2_3_SCOPE_BLOCK_FENCE_SCOPE_DEVICE_THREAD_3_FENCE.als,?,INSTANCE
iriw_TB_01_2_3_SCOPE_BLOCK_NO_FENCE_ACQUIRE.als,?,INSTANCE
iriw_TB_01_2_3_SCOPE_BLOCK_NO_FENCE_RELAXED.als,?,INSTANCE
iriw_TB_01_2_3_SCOPE_DEVICE_FENCE_SCOPE_BLOCK_BOTH_FENCE.als,?,INSTANCE
iriw_TB_01_2_3_SCOPE_DEVICE_FENCE_SCOPE_BLOCK_THREAD_1_FENCE.als,?,INSTANCE
iriw_TB_01_2_3_SCOPE_DEVICE_FENCE_SCOPE_BLOCK_THREAD_3_FENCE.als,?,INSTANCE
iriw_TB_01_2_3_SCOPE_DEVICE_FENCE_SCOPE_DEVICE_BOTH_FENCE.als,?,INSTANCE
iriw_TB_01_2_3_SCOPE_DEVICE_FENCE_SCOPE_DEVICE_THREAD_1_FENCE.als,?,INSTANCE
iriw_TB_01_2_3_SCOPE_DEVICE_FENCE_SCOPE_DEVICE_THREAD_3_FENCE.als,?,INSTANCE
iriw_TB_01_2_3_SCOPE_DEVICE_NO_FENCE_ACQUIRE.als,?,INSTANCE
iriw_TB_01_2_3_SCOPE_DEVICE_NO_FENCE_RELAXED.als,?,INSTANCE
iriw_TB_01_23_SCOPE_BLOCK_FENCE_SCOPE_BLOCK_BOTH_FENCE.als,?,INSTANCE
iriw_TB_01_23_SCOPE_BLOCK_FENCE_SCOPE_BLOCK_THREAD_1_FENCE.als,?,INSTANCE
iriw_TB_01_23_SCOPE_BLOCK_FENCE_SCOPE_BLOCK_THREAD_3_FENCE.als,?,INSTANCE
iriw_TB_01_23_SCOPE_BLOCK_FENCE_SCOPE_DEVICE_BOTH_FENCE.als,?,INSTANCE
iriw_TB_01_23_SCOPE_BLOCK_FENCE_SCOPE_DEVICE_THREAD_1_FENCE.als,?,INSTANCE
iriw_TB_01_23_SCOPE_BLOCK_FENCE_SCOPE_DEVICE_THREAD_3_FENCE.als,?,INSTANCE
iriw_TB_01_23_SCOPE_BLOCK_NO_FENCE_ACQUIRE.als,?,INSTANCE
iriw_TB_01_23_SCOPE_BLOCK_NO_FENCE_RELAXED.als,?,INSTANCE
iriw_TB_01_23_SCOPE_DEVICE_FENCE_SCOPE_BLOCK_BOTH_FENCE.als,?,INSTANCE
iriw_TB_01_23_SCOPE_DEVICE_FENCE_SCOPE_BLOCK_THREAD_1_FENCE.als,?,INSTANCE
iriw_TB_01_23_SCOPE_DEVICE_FENCE_SCOPE_BLOCK_THREAD_3_FENCE.als,?,INSTANCE
iriw_TB_01_23_SCOPE_DEVICE_FENCE_SCOPE_DEVICE_BOTH_FENCE.als,?,INSTANCE
iriw_TB_01_23_SCOPE_DEVICE_FENCE_SCOPE_DEVICE_THREAD_1_FENCE.als,?,INSTANCE
iriw_TB_01_23_SCOPE_DEVICE_FENCE_SCOPE_DEVICE_THREAD_3_FENCE.als,?,INSTANCE
iriw_TB_01_23_SCOPE_DEVICE_NO_FENCE_ACQUIRE.als,?,INSTANCE
iriw_TB_01_23_SCOPE_DEVICE_NO_FENCE_RELAXED.als,?,INSTANCE
iriw_TB_012_3_SCOPE_BLOCK_FENCE_SCOPE_BLOCK_BOTH_FENCE.als,?,INSTANCE
iriw_TB_012_3_SCOPE_BLOCK_FENCE_SCOPE_BLOCK_THREAD_1_FENCE.als,?,INSTANCE
iriw_TB_012_3_SCOPE_BLOCK_FENCE_SCOPE_BLOCK_THREAD_3_FENCE.als,?,INSTANCE
iriw_TB_012_3_SCOPE_BLOCK_FENCE_SCOPE_DEVICE_BOTH_FENCE.als,?,INSTANCE
iriw_TB_012_3_SCOPE_BLOCK_FENCE_SCOPE_DEVICE_THREAD_1_FENCE.als,?,INSTANCE
iriw_TB_012_3_SCOPE_BLOCK_FENCE_SCOPE_DEVICE_THREAD_3_FENCE.als,?,INSTANCE
iriw_TB_012_3_SCOPE_BLOCK_NO_FENCE_ACQUIRE.als,?,INSTANCE
iriw_TB_012_3_SCOPE_BLOCK_NO_FENCE_RELAXED.als,?,INSTANCE
iriw_TB_012_3_SCOPE_DEVICE_FENCE_SCOPE_BLOCK_BOTH_FENCE.als,?,INSTANCE
iriw_TB_012_3_SCOPE_DEVICE_FENCE_SCOPE_BLOCK_THREAD_1_FENCE.als,?,INSTANCE
iriw_TB_012_3_SCOPE_DEVICE_FENCE_SCOPE_BLOCK_THREAD_3_FENCE.als,?,INSTANCE
iriw_TB_012_3_SCOPE_DEVICE_FENCE_SCOPE_DEVICE_BOTH_FENCE.als,?,INSTANCE
iriw_TB_012_3_SCOPE_DEVICE_FENCE_SCOPE_DEVICE_THREAD_1_FENCE.als,?,INSTANCE
iriw_TB_012_3_SCOPE_DEVICE_FENCE_SCOPE_DEVICE_THREAD_3_FENCE.als,?,INSTANCE
iriw_TB_012_3_SCOPE_DEVICE_NO_FENCE_ACQUIRE.als,?,INSTANCE
iriw_TB_012_3_SCOPE_DEVICE_NO_FENCE_RELAXED.als,?,INSTANCE
iriw_TB_0123_SCOPE_BLOCK_FENCE_SCOPE_BLOCK_BOTH_FENCE.als,?,INSTANCE
iriw_TB_0123_SCOPE_BLOCK_FENCE_SCOPE_BLOCK_THREAD_1_FENCE.als,?,INSTANCE
iriw_TB_0123_SCOPE_BLOCK_FENCE_SCOPE_BLOCK_THREAD_3_FENCE.als,?,INSTANCE
iriw_TB_0123_SCOPE_BLOCK_FENCE_SCOPE_DEVICE_BOTH_FENCE.als,?,INSTANCE
iriw_TB_0123_SCOPE_BLOCK_FENCE_SCOPE_DEVICE_THREAD_1_FENCE.als,?,INSTANCE
iriw_TB_0123_SCOPE_BLOCK_FENCE_SCOPE_DEVICE_THREAD_3_FENCE.als,?,INSTANCE
iriw_TB_0123_SCOPE_BLOCK_NO_FENCE_ACQUIRE.als,?,INSTANCE
iriw_TB_0123_SCOPE_BLOCK_NO_FENCE_RELAXED.als,?,INSTANCE
iriw_TB_0123_SCOPE_DEVICE_FENCE_SCOPE_BLOCK_BOTH_FENCE.als,?,INSTANCE
iriw_TB_0123_SCOPE_DEVICE_FENCE_SCOPE_BLOCK_THREAD_1_FENCE.als,?,INSTANCE
iriw_TB_0123_SCOPE_DEVICE_FENCE_SCOPE_BLOCK_THREAD_3_FENCE.als,?,INSTANCE
iriw_TB_0123_SCOPE_DEVICE_FENCE_SCOPE_DEVICE_BOTH_FENCE.als,?,INSTANCE
iriw_TB_0123_SCOPE_DEVICE_FENCE_SCOPE_DEVICE_THREAD_1_FENCE.als,?,INSTANCE
iriw_TB_0123_SCOPE_DEVICE_FENCE_SCOPE_DEVICE_THREAD_3_FENCE.als,?,INSTANCE
iriw_TB_0123_SCOPE_DEVICE_NO_FENCE_ACQUIRE.als,?,INSTANCE
iriw_TB_0123_SCOPE_DEVICE_NO_FENCE_RELAXED.als,?,INSTANCE
iriw_TB_013_2_SCOPE_BLOCK_FENCE_SCOPE_BLOCK_BOTH_FENCE.als,?,INSTANCE
iriw_TB_013_2_SCOPE_BLOCK_FENCE_SCOPE_BLOCK_THREAD_1_FENCE.als,?,INSTANCE
iriw_TB_013_2_SCOPE_BLOCK_FENCE_SCOPE_BLOCK_THREAD_3_FENCE.als,?,INSTANCE
iriw_TB_013_2_SCOPE_BLOCK_FENCE_SCOPE_DEVICE_BOTH_FENCE.als,?,INSTANCE
iriw_TB_013_2_SCOPE_BLOCK_FENCE_SCOPE_DEVICE_THREAD_1_FENCE.als,?,INSTANCE
iriw_TB_013_2_SCOPE_BLOCK_FENCE_SCOPE_DEVICE_THREAD_3_FENCE.als,?,INSTANCE
iriw_TB_013_2_SCOPE_BLOCK_NO_FENCE_ACQUIRE.als,?,INSTANCE
iriw_TB_013_2_SCOPE_BLOCK_NO_FENCE_RELAXED.als,?,INSTANCE
iriw_TB_013_2_SCOPE_DEVICE_FENCE_SCOPE_BLOCK_BOTH_FENCE.als,?,INSTANCE
iriw_TB_013_2_SCOPE_DEVICE_FENCE_SCOPE_BLOCK_THREAD_1_FENCE.als,?,INSTANCE
iriw_TB_013_2_SCOPE_DEVICE_FENCE_SCOPE_BLOCK_THREAD_3_FENCE.als,?,INSTANCE
iriw_TB_013_2_SCOPE_DEVICE_FENCE_SCOPE_DEVICE_BOTH_FENCE.als,?,INSTANCE
iriw_TB_013_2_SCOPE_DEVICE_FENCE_SCOPE_DEVICE_THREAD_1_FENCE.als,?,INSTANCE
iriw_TB_013_2_SCOPE_DEVICE_FENCE_SCOPE_DEVICE_THREAD_3_FENCE.als,?,INSTANCE
iriw_TB_013_2_SCOPE_DEVICE_NO_FENCE_ACQUIRE.als,?,INSTANCE
iriw_TB_013_2_SCOPE_DEVICE_NO_FENCE_RELAXED.als,?,INSTANCE
iriw_TB_02_1_3_SCOPE_BLOCK_FENCE_SCOPE_BLOCK_BOTH_FENCE.als,?,INSTANCE
iriw_TB_02_1_3_SCOPE_BLOCK_FENCE_SCOPE_BLOCK_THREAD_1_FENCE.als,?,INSTANCE
iriw_TB_02_1_3_SCOPE_BLOCK_FENCE_SCOPE_BLOCK_THREAD_3_FENCE.als,?,INSTANCE
iriw_TB_02_1_3_SCOPE_BLOCK_FENCE_SCOPE_DEVICE_BOTH_FENCE.als,?,INSTANCE
iriw_TB_02_1_3_SCOPE_BLOCK_FENCE_SCOPE_DEVICE_THREAD_1_FENCE.als,?,INSTANCE
iriw_TB_02_1_3_SCOPE_BLOCK_FENCE_SCOPE_DEVICE_THREAD_3_FENCE.als,?,INSTANCE
iriw_TB_02_1_3_SCOPE_BLOCK_NO_FENCE_ACQUIRE.als,?,INSTANCE
iriw_TB_02_1_3_SCOPE_BLOCK_NO_FENCE_RELAXED.als,?,INSTANCE
iriw_TB_02_1_3_SCOPE_DEVICE_FENCE_SCOPE_BLOCK_BOTH_FENCE.als,?,INSTANCE
iriw_TB_02_1_3_SCOPE_DEVICE_FENCE_SCOPE_BLOCK_THREAD_1_FENCE.als,?,INSTANCE
iriw_TB_02_1_3_SCOPE_DEVICE_FENCE_SCOPE_BLOCK_THREAD_3_FENCE.als,?,INSTANCE
iriw_TB_02_1_3_SCOPE_DEVICE_FENCE_SCOPE_DEVICE_BOTH_FENCE.als,?,INSTANCE
iriw_TB_02_1_3_SCOPE_DEVICE_FENCE_SCOPE_DEVICE_THREAD_1_FENCE.als,?,INSTANCE
iriw_TB_02_1_3_SCOPE_DEVICE_FENCE_SCOPE_DEVICE_THREAD_3_FENCE.als,?,INSTANCE
iriw_TB_02_1_3_SCOPE_DEVICE_NO_FENCE_ACQUIRE.als,?,INSTANCE
iriw_TB_02_1_3_SCOPE_DEVICE_NO_FENCE_RELAXED.als,?,INSTANCE
iriw_TB_02_13_SCOPE_BLOCK_FENCE_SCOPE_BLOCK_BOTH_FENCE.als,?,INSTANCE
iriw_TB_02_13_SCOPE_BLOCK_FENCE_SCOPE_BLOCK_THREAD_1_FENCE.als,?,INSTANCE
iriw_TB_02_13_SCOPE_BLOCK_FENCE_SCOPE_BLOCK_THREAD_3_FENCE.als,?,INSTANCE
iriw_TB_02_13_SCOPE_BLOCK_FENCE_SCOPE_DEVICE_BOTH_FENCE.als,?,INSTANCE
iriw_TB_02_13_SCOPE_BLOCK_FENCE_SCOPE_DEVICE_THREAD_1_FENCE.als,?,INSTANCE
iriw_TB_02_13_SCOPE_BLOCK_FENCE_SCOPE_DEVICE_THREAD_3_FENCE.als,?,INSTANCE
iriw_TB_02_13_SCOPE_BLOCK_NO_FENCE_ACQUIRE.als,?,INSTANCE
iriw_TB_02_13_SCOPE_BLOCK_NO_FENCE_RELAXED.als,?,INSTANCE
iriw_TB_02_13_SCOPE_DEVICE_FENCE_SCOPE_BLOCK_BOTH_FENCE.als,?,INSTANCE
iriw_TB_02_13_SCOPE_DEVICE_FENCE_SCOPE_BLOCK_THREAD_1_FENCE.als,?,INSTANCE
iriw_TB_02_13_SCOPE_DEVICE_FENCE_SCOPE_BLOCK_THREAD_3_FENCE.als,?,INSTANCE
iriw_TB_02_13_SCOPE_DEVICE_FENCE_SCOPE_DEVICE_BOTH_FENCE.als,?,INSTANCE
iriw_TB_02_13_SCOPE_DEVICE_FENCE_SCOPE_DEVICE_THREAD_1_FENCE.als,?,INSTANCE
iriw_TB_02_13_SCOPE_DEVICE_FENCE_SCOPE_DEVICE_THREAD_3_FENCE.als,?,INSTANCE
iriw_TB_02_13_SCOPE_DEVICE_NO_FENCE_ACQUIRE.als,?,INSTANCE
iriw_TB_02_13_SCOPE_DEVICE_NO_FENCE_RELAXED.als,?,INSTANCE
iriw_TB_023_1_SCOPE_BLOCK_FENCE_SCOPE_BLOCK_BOTH_FENCE.als,?,INSTANCE
iriw_TB_023_1_SCOPE_BLOCK_FENCE_SCOPE_BLOCK_THREAD_1_FENCE.als,?,INSTANCE
iriw_TB_023_1_SCOPE_BLOCK_FENCE_SCOPE_BLOCK_THREAD_3_FENCE.als,?,INSTANCE
iriw_TB_023_1_SCOPE_BLOCK_FENCE_SCOPE_DEVICE_BOTH_FENCE.als,?,INSTANCE
iriw_TB_023_1_SCOPE_BLOCK_FENCE_SCOPE_DEVICE_THREAD_1_FENCE.als,?,INSTANCE
iriw_TB_023_1_SCOPE_BLOCK_FENCE_SCOPE_DEVICE_THREAD_3_FENCE.als,?,INSTANCE
iriw_TB_023_1_SCOPE_BLOCK_NO_FENCE_ACQUIRE.als,?,INSTANCE
iriw_TB_023_1_SCOPE_BLOCK_NO_FENCE_RELAXED.als,?,INSTANCE
iriw_TB_023_1_SCOPE_DEVICE_FENCE_SCOPE_BLOCK_BOTH_FENCE.als,?,INSTANCE
iriw_TB_023_1_SCOPE_DEVICE_FENCE_SCOPE_BLOCK_THREAD_1_FENCE.als,?,INSTANCE
iriw_TB_023_1_SCOPE_DEVICE_FENCE_SCOPE_BLOCK_THREAD_3_FENCE.als,?,INSTANCE
iriw_TB_023_1_SCOPE_DEVICE_FENCE_SCOPE_DEVICE_BOTH_FENCE.als,?,INSTANCE
iriw_TB_023_1_SCOPE_DEVICE_FENCE_SCOPE_DEVICE_THREAD_1_FENCE.als,?,INSTANCE
iriw_TB_023_1_SCOPE_DEVICE_FENCE_SCOPE_DEVICE_THREAD_3_FENCE.als,?,INSTANCE
iriw_TB_023_1_SCOPE_DEVICE_NO_FENCE_ACQUIRE.als,?,INSTANCE
iriw_TB_023_1_SCOPE_DEVICE_NO_FENCE_RELAXED.als,?,INSTANCE
iriw_TB_03_1_2_SCOPE_BLOCK_FENCE_SCOPE_BLOCK_BOTH_FENCE.als,?,INSTANCE
iriw_TB_03_1_2_SCOPE_BLOCK_FENCE_SCOPE_BLOCK_THREAD_1_FENCE.als,?,INSTANCE
iriw_TB_03_1_2_SCOPE_BLOCK_FENCE_SCOPE_BLOCK_THREAD_3_FENCE.als,?,INSTANCE
iriw_TB_03_1_2_SCOPE_BLOCK_FENCE_SCOPE_DEVICE_BOTH_FENCE.als,?,INSTANCE
iriw_TB_03_1_2_SCOPE_BLOCK_FENCE_SCOPE_DEVICE_THREAD_1_FENCE.als,?,INSTANCE
iriw_TB_03_1_2_SCOPE_BLOCK_FENCE_SCOPE_DEVICE_THREAD_3_FENCE.als,?,INSTANCE
iriw_TB_03_1_2_SCOPE_BLOCK_NO_FENCE_ACQUIRE.als,?,INSTANCE
iriw_TB_03_1_2_SCOPE_BLOCK_NO_FENCE_RELAXED.als,?,INSTANCE
iriw_TB_03_1_2_SCOPE_DEVICE_FENCE_SCOPE_BLOCK_BOTH_FENCE.als,?,INSTANCE
iriw_TB_03_1_2_SCOPE_DEVICE_FENCE_SCOPE_BLOCK_THREAD_1_FENCE.als,?,INSTANCE
iriw_TB_03_1_2_SCOPE_DEVICE_FENCE_SCOPE_BLOCK_THREAD_3_FENCE.als,?,INSTANCE
iriw_TB_03_1_2_SCOPE_DEVICE_FENCE_SCOPE_DEVICE_BOTH_FENCE.als,?,INSTANCE
iriw_TB_03_1_2_SCOPE_DEVICE_FENCE_SCOPE_DEVICE_THREAD_1_FENCE.als,?,INSTANCE
iriw_TB_03_1_2_SCOPE_DEVICE_FENCE_SCOPE_DEVICE_THREAD_3_FENCE.als,?,INSTANCE
iriw_TB_03_1_2_SCOPE_DEVICE_NO_FENCE_ACQUIRE.als,?,INSTANCE
iriw_TB_03_1_2_SCOPE_DEVICE_NO_FENCE_RELAXED.als,?,INSTANCE
iriw_TB_03_12_SCOPE_BLOCK_FENCE_SCOPE_BLOCK_BOTH_FENCE.als,?,INSTANCE
iriw_TB_03_12_SCOPE_BLOCK_FENCE_SCOPE_BLOCK_THREAD_1_FENCE.als,?,INSTANCE
iriw_TB_03_12_SCOPE_BLOCK_FENCE_SCOPE_BLOCK_THREAD_3_FENCE.als,?,INSTANCE
iriw_TB_03_12_SCOPE_BLOCK_FENCE_SCOPE_DEVICE_BOTH_FENCE.als,?,INSTANCE
iriw_TB_03_12_SCOPE_BLOCK_FENCE_SCOPE_DEVICE_THREAD_1_FENCE.als,?,INSTANCE
iriw_TB_03_12_SCOPE_BLOCK_FENCE_SCOPE_DEVICE_THREAD_3_FENCE.als,?,INSTANCE
iriw_TB_03_12_SCOPE_BLOCK_NO_FENCE_ACQUIRE.als,?,INSTANCE
iriw_TB_03_12_SCOPE_BLOCK_NO_FENCE_RELAXED.als,?,INSTANCE
iriw_TB_03_12_SCOPE_DEVICE_FENCE_SCOPE_BLOCK_BOTH_FENCE.als,?,INSTANCE
iriw_TB_03_12_SCOPE_DEVICE_FENCE_SCOPE_BLOCK_THREAD_1_FENCE.als,?,INSTANCE
iriw_TB_03_12_SCOPE_DEVICE_FENCE_SCOPE_BLOCK_THREAD_3_FENCE.als,?,INSTANCE
iriw_TB_03_12_SCOPE_DEVICE_FENCE_SCOPE_DEVICE_BOTH_FENCE.als,?,INSTANCE
iriw_TB_03_12_SCOPE_DEVICE_FENCE_SCOPE_DEVICE_THREAD_1_FENCE.als,?,INSTANCE
iriw_TB_03_12_SCOPE_DEVICE_FENCE_SCOPE_DEVICE_THREAD_3_FENCE.als,?,INSTANCE
iriw_TB_03_12_SCOPE_DEVICE_NO_FENCE_ACQUIRE.als,?,INSTANCE
iriw_TB_03_12_SCOPE_DEVICE_NO_FENCE_RELAXED.als,?,INSTANCE
isa2_TB_0_1_2_SCOPE_BLOCK_FENCE_SCOPE_BLOCK_ALL_FENCE.als,?,INSTANCE
isa2_TB_0_1_2_SCOPE_BLOCK_FENCE_SCOPE_BLOCK_THREAD_0_1_FENCE.als,?,INSTANCE
isa2_TB_0_1_2_SCOPE_BLOCK_FENCE_SCOPE_BLOCK_THREAD_0_2_FENCE_ACQ.als,?,INSTANCE
isa2_TB_0_1_2_SCOPE_BLOCK_FENCE_SCOPE_BLOCK_THREAD_0_2_FENCE_REL.als,?,INSTANCE
isa2_TB_0_1_2_SCOPE_BLOCK_FENCE_SCOPE_BLOCK_THREAD_0_FENCE_ACQ.als,?,INSTANCE
isa2_TB_0_1_2_SCOPE_BLOCK_FENCE_SCOPE_BLOCK_THREAD_0_FENCE_REL.als,?,INSTANCE
isa2_TB_0_1_2_SCOPE_BLOCK_FENCE_SCOPE_BLOCK_THREAD_1_2_FENCE.als,?,INSTANCE
isa2_TB_0_1_2_SCOPE_BLOCK_FENCE_SCOPE_BLOCK_THREAD_1_FENCE.als,?,INSTANCE
isa2_TB_0_1_2_SCOPE_BLOCK_FENCE_SCOPE_BLOCK_THREAD_2_FENCE_ACQ.als,?,INSTANCE
isa2_TB_0_1_2_SCOPE_BLOCK_FENCE_SCOPE_BLOCK_THREAD_2_FENCE_REL.als,?,INSTANCE
isa2_TB_0_1_2_SCOPE_BLOCK_FENCE_SCOPE_DEVICE_ALL_FENCE.als,?,INSTANCE
isa2_TB_0_1_2_SCOPE_BLOCK_FENCE_SCOPE_DEVICE_THREAD_0_1_FENCE.als,?,INSTANCE
isa2_TB_0_1_2_SCOPE_BLOCK_FENCE_SCOPE_DEVICE_THREAD_0_2_FENCE_ACQ.als,?,INSTANCE
isa2_TB_0_1_2_SCOPE_BLOCK_FENCE_SCOPE_DEVICE_THREAD_0_2_FENCE_REL.als,?,INSTANCE
isa2_TB_0_1_2_SCOPE_BLOCK_FENCE_SCOPE_DEVICE_THREAD_0_FENCE_ACQ.als,?,INSTANCE
isa2_TB_0_1_2_SCOPE_BLOCK_FENCE_SCOPE_DEVICE_THREAD_0_FENCE_REL.als,?,INSTANCE
isa2_TB_0_1_2_SCOPE_BLOCK_FENCE_SCOPE_DEVICE_THREAD_1_2_FENCE.als,?,INSTANCE
isa2_TB_0_1_2_SCOPE_BLOCK_FENCE_SCOPE_DEVICE_THREAD_1_FENCE.als,?,INSTANCE
isa2_TB_0_1_2_SCOPE_BLOCK_FENCE_SCOPE_DEVICE_THREAD_2_FENCE_ACQ.als,?,INSTANCE
isa2_TB_0_1_2_SCOPE_BLOCK_FENCE_SCOPE_DEVICE_THREAD_2_FENCE_REL.als,?,INSTANCE
isa2_TB_0_1_2_SCOPE_BLOCK_NO_FENCE_ACQUIRE.als,?,INSTANCE
isa2_TB_0_1_2_SCOPE_BLOCK_NO_FENCE_RELAXED.als,?,INSTANCE
isa2_TB_0_1_2_SCOPE_BLOCK_NO_FENCE_RELEASE.als,?,INSTANCE
isa2_TB_0_1_2_SCOPE_DEVICE_FENCE_SCOPE_BLOCK_ALL_FENCE.als,?,INSTANCE
isa2_TB_0_1_2_SCOPE_DEVICE_FENCE_SCOPE_BLOCK_THREAD_0_1_FENCE.als,?,INSTANCE
isa2_TB_0_1_2_SCOPE_DEVICE_FENCE_SCOPE_BLOCK_THREAD_0_2_FENCE_ACQ.als,?,INSTANCE
isa2_TB_0_1_2_SCOPE_DEVICE_FENCE_SCOPE_BLOCK_THREAD_0_2_FENCE_REL.als,?,INSTANCE
isa2_TB_0_1_2_SCOPE_DEVICE_FENCE_SCOPE_BLOCK_THREAD_0_FENCE_ACQ.als,?,INSTANCE
isa2_TB_0_1_2_SCOPE_DEVICE_FENCE_SCOPE_BLOCK_THREAD_0_FENCE_REL.als,?,INSTANCE
isa2_TB_0_1_2_SCOPE_DEVICE_FENCE_SCOPE_BLOCK_THREAD_1_2_FENCE.als,?,INSTANCE
isa2_TB_0_1_2_SCOPE_DEVICE_FENCE_SCOPE_BLOCK_THREAD_1_FENCE.als,?,INSTANCE
isa2_TB_0_1_2_SCOPE_DEVICE_FENCE_SCOPE_BLOCK_THREAD_2_FENCE_ACQ.als,?,INSTANCE
isa2_TB_0_1_2_SCOPE_DEVICE_FENCE_SCOPE_BLOCK_THREAD_2_FENCE_REL.als,?,INSTANCE
isa2_TB_0_1_2_SCOPE_DEVICE_FENCE_SCOPE_DEVICE_ALL_FENCE.als,?,UNSAT
isa2_TB_0_1_2_SCOPE_DEVICE_FENCE_SCOPE_DEVICE_THREAD_0_1_FENCE.als,?,UNSAT
isa2_TB_0_1_2_SCOPE_DEVICE_FENCE_SCOPE_DEVICE_THREAD_0_2_FENCE_ACQ.als,?,INSTANCE
isa2_TB_0_1_2_SCOPE_DEVICE_FENCE_SCOPE_DEVICE_THREAD_0_2_FENCE_REL.als,?,INSTANCE
isa2_TB_0_1_2_SCOPE_DEVICE_FENCE_SCOPE_DEVICE_THREAD_0_FENCE_ACQ.als,?,INSTANCE
isa2_TB_0_1_2_SCOPE_DEVICE_FENCE_SCOPE_DEVICE_THREAD_0_FENCE_REL.als,?,INSTANCE
isa2_TB_0_1_2_SCOPE_DEVICE_FENCE_SCOPE_DEVICE_THREAD_1_2_FENCE.als,?,UNSAT
isa2_TB_0_1_2_SCOPE_DEVICE_FENCE_SCOPE_DEVICE_THREAD_1_FENCE.als,?,UNSAT
isa2_TB_0_1_2_SCOPE_DEVICE_FENCE_SCOPE_DEVICE_THREAD_2_FENCE_ACQ.als,?,INSTANCE
isa2_TB_0_1_2_SCOPE_DEVICE_FENCE_SCOPE_DEVICE_THREAD_2_FENCE_REL.als,?,INSTANCE
isa2_TB_0_1_2_SCOPE_DEVICE_NO_FENCE_ACQUIRE.als,?,INSTANCE
isa2_TB_0_1_2_SCOPE_DEVICE_NO_FENCE_RELAXED.als,?,INSTANCE
isa2_TB_0_1_2_SCOPE_DEVICE_NO_FENCE_RELEASE.als,?,INSTANCE
isa2_TB_0_12_SCOPE_BLOCK_FENCE_SCOPE_BLOCK_ALL_FENCE.als,?,INSTANCE
isa2_TB_0_12_SCOPE_BLOCK_FENCE_SCOPE_BLOCK_THREAD_0_1_FENCE.als,?,INSTANCE
isa2_TB_0_12_SCOPE_BLOCK_FENCE_SCOPE_BLOCK_THREAD_0_2_FENCE_ACQ.als,?,INSTANCE
isa2_TB_0_12_SCOPE_BLOCK_FENCE_SCOPE_BLOCK_THREAD_0_2_FENCE_REL.als,?,INSTANCE
isa2_TB_0_12_SCOPE_BLOCK_FENCE_SCOPE_BLOCK_THREAD_0_FENCE_ACQ.als,?,INSTANCE
isa2_TB_0_12_SCOPE_BLOCK_FENCE_SCOPE_BLOCK_THREAD_0_FENCE_REL.als,?,INSTANCE
isa2_TB_0_12_SCOPE_BLOCK_FENCE_SCOPE_BLOCK_THREAD_1_2_FENCE.als,?,INSTANCE
isa2_TB_0_12_SCOPE_BLOCK_FENCE_SCOPE_BLOCK_THREAD_1_FENCE.als,?,INSTANCE
isa2_TB_0_12_SCOPE_BLOCK_FENCE_SCOPE_BLOCK_THREAD_2_FENCE_ACQ.als,?,INSTANCE
isa2_TB_0_12_SCOPE_BLOCK_FENCE_SCOPE_BLOCK_THREAD_2_FENCE_REL.als,?,INSTANCE
isa2_TB_0_12_SCOPE_BLOCK_FENCE_SCOPE_DEVICE_ALL_FENCE.als,?,INSTANCE
isa2_TB_0_12_SCOPE_BLOCK_FENCE_SCOPE_DEVICE_THREAD_0_1_FENCE.als,?,INSTANCE
isa2_TB_0_12_SCOPE_BLOCK_FENCE_SCOPE_DEVICE_THREAD_0_2_FENCE_ACQ.als,?,INSTANCE
isa2_TB_0_12_SCOPE_BLOCK_FENCE_SCOPE_DEVICE_THREAD_0_2_FENCE_REL.als,?,INSTANCE
isa2_TB_0_12_SCOPE_BLOCK_FENCE_SCOPE_DEVICE_THREAD_0_FENCE_ACQ.als,?,INSTANCE
isa2_TB_0_12_SCOPE_BLOCK_FENCE_SCOPE_DEVICE_THREAD_0_FENCE_REL.als,?,INSTANCE
isa2_TB_0_12_SCOPE_BLOCK_FENCE_SCOPE_DEVICE_THREAD_1_2_FENCE.als,?,INSTANCE
isa2_TB_0_12_SCOPE_BLOCK_FENCE_SCOPE_DEVICE_THREAD_1_FENCE.als,?,INSTANCE
isa2_TB_0_12_SCOPE_BLOCK_FENCE_SCOPE_DEVICE_THREAD_2_FENCE_ACQ.als,?,INSTANCE
isa2_TB_0_12_SCOPE_BLOCK_FENCE_SCOPE_DEVICE_THREAD_2_FENCE_REL.als,?,INSTANCE
isa2_TB_0_12_SCOPE_BLOCK_NO_FENCE_ACQUIRE.als,?,INSTANCE
isa2_TB_0_12_SCOPE_BLOCK_NO_FENCE_RELAXED.als,?,INSTANCE
isa2_TB_0_12_SCOPE_BLOCK_NO_FENCE_RELEASE.als,?,INSTANCE
isa2_TB_0_12_SCOPE_DEVICE_FENCE_SCOPE_BLOCK_ALL_FENCE.als,?,INSTANCE
isa2_TB_0_12_SCOPE_DEVICE_FENCE_SCOPE_BLOCK_THREAD_0_1_FENCE.als,?,INSTANCE
isa2_TB_0_12_SCOPE_DEVICE_FENCE_SCOPE_BLOCK_THREAD_0_2_FENCE_ACQ.als,?,INSTANCE
isa2_TB_0_12_SCOPE_DEVICE_FENCE_SCOPE_BLOCK_THREAD_0_2_FENCE_REL.als,?,INSTANCE
isa2_TB_0_12_SCOPE_DEVICE_FENCE_SCOPE_BLOCK_THREAD_0_FENCE_ACQ.als,?,INSTANCE
isa2_TB_0_12_SCOPE_DEVICE_FENCE_SCOPE_BLOCK_THREAD_0_FENCE_REL.als,?,INSTANCE
isa2_TB_0_12_SCOPE_DEVICE_FENCE_SCOPE_BLOCK_THREAD_1_2_FENCE.als,?,INSTANCE
isa2_TB_0_12_SCOPE_DEVICE_FENCE_SCOPE_BLOCK_THREAD_1_FENCE.als,?,INSTANCE
isa2_TB_0_12_SCOPE_DEVICE_FENCE_SCOPE_BLOCK_THREAD_2_FENCE_ACQ.als,?,INSTANCE
isa2_TB_0_12_SCOPE_DEVICE_FENCE_SCOPE_BLOCK_THREAD_2_FENCE_REL.als,?,INSTANCE
isa2_TB_0_12_SCOPE_DEVICE_FENCE_SCOPE_DEVICE_ALL_FENCE.als,?,UNSAT
isa2_TB_0_12_SCOPE_DEVICE_FENCE_SCOPE_DEVICE_THREAD_0_1_FENCE.als,?,UNSAT
isa2_TB_0_12_SCOPE_DEVICE_FENCE_SCOPE_DEVICE_THREAD_0_2_FENCE_ACQ.als,?,INSTANCE
isa2_TB_0_12_SCOPE_DEVICE_FENCE_SCOPE_DEVICE_THREAD_0_2_FENCE_REL.als,?,INSTANCE
isa2_TB_0_12_SCOPE_DEVICE_FENCE_SCOPE_DEVICE_THREAD_0_FENCE_ACQ.als,?,INSTANCE
isa2_TB_0_12_SCOPE_DEVICE_FENCE_SCOPE_DEVICE_THREAD_0_FENCE_REL.als,?,INSTANCE
isa2_TB_0_12_SCOPE_DEVICE_FENCE_SCOPE_DEVICE_THREAD_1_2_FENCE.als,?,UNSAT
isa2_TB_0_12_SCOPE_DEVICE_FENCE_SCOPE_DEVICE_THREAD_1_FENCE.als,?,UNSAT
isa2_TB_0_12_SCOPE_DEVICE_FENCE_SCOPE_DEVICE_THREAD_2_FENCE_ACQ.als,?,INSTANCE
isa2_TB_0_12_SCOPE_DEVICE_FENCE_SCOPE_DEVICE_THREAD_2_FENCE_REL.als,?,INSTANCE
isa2_TB_0_12_SCOPE_DEVICE_NO_FENCE_ACQUIRE.als,?,INSTANCE
isa2_TB_0_12_SCOPE_DEVICE_NO_FENCE_RELAXED.als,?,INSTANCE
isa2_TB_0_12_SCOPE_DEVICE_NO_FENCE_RELEASE.als,?,INSTANCE
isa2_TB_01_2_SCOPE_BLOCK_FENCE_SCOPE_BLOCK_ALL_FENCE.als,?,INSTANCE
isa2_TB_01_2_SCOPE_BLOCK_FENCE_SCOPE_BLOCK_THREAD_0_1_FENCE.als,?,INSTANCE
isa2_TB_01_2_SCOPE_BLOCK_FENCE_SCOPE_BLOCK_THREAD_0_2_FENCE_ACQ.als,?,INSTANCE
isa2_TB_01_2_SCOPE_BLOCK_FENCE_SCOPE_BLOCK_THREAD_0_2_FENCE_REL.als,?,INSTANCE
isa2_TB_01_2_SCOPE_BLOCK_FENCE_SCOPE_BLOCK_THREAD_0_FENCE_ACQ.als,?,INSTANCE
isa2_TB_01_2_SCOPE_BLOCK_FENCE_SCOPE_BLOCK_THREAD_0_FENCE_REL.als,?,INSTANCE
isa2_TB_01_2_SCOPE_BLOCK_FENCE_SCOPE_BLOCK_THREAD_1_2_FENCE.als,?,INSTANCE
isa2_TB_01_2_SCOPE_BLOCK_FENCE_SCOPE_BLOCK_THREAD_1_FENCE.als,?,INSTANCE
isa2_TB_01_2_SCOPE_BLOCK_FENCE_SCOPE_BLOCK_THREAD_2_FENCE_ACQ.als,?,INSTANCE
isa2_TB_01_2_SCOPE_BLOCK_FENCE_SCOPE_BLOCK_THREAD_2_FENCE_REL.als,?,INSTANCE
isa2_TB_01_2_SCOPE_BLOCK_FENCE_SCOPE_DEVICE_ALL_FENCE.als,?,INSTANCE
isa2_TB_01_2_SCOPE_BLOCK_FENCE_SCOPE_DEVICE_THREAD_0_1_FENCE.als,?,INSTANCE
isa2_TB_01_2_SCOPE_BLOCK_FENCE_SCOPE_DEVICE_THREAD_0_2_FENCE_ACQ.als,?,INSTANCE
isa2_TB_01_2_SCOPE_BLOCK_FENCE_SCOPE_DEVICE_THREAD_0_2_FENCE_REL.als,?,INSTANCE
isa2_TB_01_2_SCOPE_BLOCK_FENCE_SCOPE_DEVICE_THREAD_0_FENCE_ACQ.als,?,INSTANCE
isa2_TB_01_2_SCOPE_BLOCK_FENCE_SCOPE_DEVICE_THREAD_0_FENCE_REL.als,?,INSTANCE
isa2_TB_01_2_SCOPE_BLOCK_FENCE_SCOPE_DEVICE_THREAD_1_2_FENCE.als,?,INSTANCE
isa2_TB_01_2_SCOPE_BLOCK_FENCE_SCOPE_DEVICE_THREAD_1_FENCE.als,?,INSTANCE
isa2_TB_01_2_SCOPE_BLOCK_FENCE_SCOPE_DEVICE_THREAD_2_FENCE_ACQ.als,?,INSTANCE
isa2_TB_01_2_SCOPE_BLOCK_FENCE_SCOPE_DEVICE_THREAD_2_FENCE_REL.als,?,INSTANCE
isa2_TB_01_2_SCOPE_BLOCK_NO_FENCE_ACQUIRE.als,?,INSTANCE
isa2_TB_01_2_SCOPE_BLOCK_NO_FENCE_RELAXED.als,?,INSTANCE
isa2_TB_01_2_SCOPE_BLOCK_NO_FENCE_RELEASE.als,?,INSTANCE
isa2_TB_01_2_SCOPE_DEVICE_FENCE_SCOPE_BLOCK_ALL_FENCE.als,?,INSTANCE
isa2_TB_01_2_SCOPE_DEVICE_FENCE_SCOPE_BLOCK_THREAD_0_1_FENCE.als,?,INSTANCE
isa2_TB_01_2_SCOPE_DEVICE_FENCE_SCOPE_BLOCK_THREAD_0_2_FENCE_ACQ.als,?,INSTANCE
isa2_TB_01_2_SCOPE_DEVICE_FENCE_SCOPE_BLOCK_THREAD_0_2_FENCE_REL.als,?,INSTANCE
isa2_TB_01_2_SCOPE_DEVICE_FENCE_SCOPE_BLOCK_THREAD_0_FENCE_ACQ.als,?,INSTANCE
isa2_TB_01_2_SCOPE_DEVICE_FENCE_SCOPE_BLOCK_THREAD_0_FENCE_REL.als,?,INSTANCE
isa2_TB_01_2_SCOPE_DEVICE_FENCE_SCOPE_BLOCK_THREAD_1_2_FENCE.als,?,INSTANCE
isa2_TB_01_2_SCOPE_DEVICE_FENCE_SCOPE_BLOCK_THREAD_1_FENCE.als,?,INSTANCE
isa2_TB_01_2_SCOPE_DEVICE_FENCE_SCOPE_BLOCK_THREAD_2_FENCE_ACQ.als,?,INSTANCE
isa2_TB_01_2_SCOPE_DEVICE_FENCE_SCOPE_BLOCK_THREAD_2_FENCE_REL.als,?,INSTANCE
isa2_TB_01_2_SCOPE_DEVICE_FENCE_SCOPE_DEVICE_ALL_FENCE.als,?,UNSAT
isa2_TB_01_2_SCOPE_DEVICE_FENCE_SCOPE_DEVICE_THREAD_0_1_FENCE.als,?,UNSAT
isa2_TB_01_2_SCOPE_DEVICE_FENCE_SCOPE_DEVICE_THREAD_0_2_FENCE_ACQ.als,?,INSTANCE
isa2_TB_01_2_SCOPE_DEVICE_FENCE_SCOPE_DEVICE_THREAD_0_2_FENCE_REL.als,?,INSTANCE
isa2_TB_01_2_SCOPE_DEVICE_FENCE_SCOPE_DEVICE_THREAD_0_FENCE_ACQ.als,?,INSTANCE
isa2_TB_01_2_SCOPE_DEVICE_FENCE_SCOPE_DEVICE_THREAD_0_FENCE_REL.als,?,INSTANCE
isa2_TB_01_2_SCOPE_DEVICE_FENCE_SCOPE_DEVICE_THREAD_1_2_FENCE.als,?,UNSAT
isa2_TB_01_2_SCOPE_DEVICE_FENCE_SCOPE_DEVICE_THREAD_1_FENCE.als,?,UNSAT
isa2_TB_01_2_SCOPE_DEVICE_FENCE_SCOPE_DEVICE_THREAD_2_FENCE_ACQ.als,?,INSTANCE
isa2_TB_01_2_SCOPE_DEVICE_FENCE_SCOPE_DEVICE_THREAD_2_FENCE_REL.als,?,INSTANCE
isa2_TB_01_2_SCOPE_DEVICE_NO_FENCE_ACQUIRE.als,?,INSTANCE
isa2_TB_01_2_SCOPE_DEVICE_NO_FENCE_RELAXED.als,?,INSTANCE
isa2_TB_01_2_SCOPE_DEVICE_NO_FENCE_RELEASE.als,?,INSTANCE
isa2_TB_012_SCOPE_BLOCK_FENCE_SCOPE_BLOCK_ALL_FENCE.als,?,UNSAT
isa2_TB_012_SCOPE_BLOCK_FENCE_SCOPE_BLOCK_THREAD_0_1_FENCE.als,?,UNSAT
isa2_TB_012_SCOPE_BLOCK_FENCE_SCOPE_BLOCK_THREAD_0_2_FENCE_ACQ.als,?,INSTANCE
isa2_TB_012_SCOPE_BLOCK_FENCE_SCOPE_BLOCK_THREAD_0_2_FENCE_REL.als,?,INSTANCE
isa2_TB_012_SCOPE_BLOCK_FENCE_SCOPE_BLOCK_THREAD_0_FENCE_ACQ.als,?,INSTANCE
isa2_TB_012_SCOPE_BLOCK_FENCE_SCOPE_BLOCK_THREAD_0_FENCE_REL.als,?,INSTANCE
isa2_TB_012_SCOPE_BLOCK_FENCE_SCOPE_BLOCK_THREAD_1_2_FENCE.als,?,UNSAT
isa2_TB_012_SCOPE_BLOCK_FENCE_SCOPE_BLOCK_THREAD_1_FENCE.als,?,UNSAT
isa2_TB_012_SCOPE_BLOCK_FENCE_SCOPE_BLOCK_THREAD_2_FENCE_ACQ.als,?,INSTANCE
isa2_TB_012_SCOPE_BLOCK_FENCE_SCOPE_BLOCK_THREAD_2_FENCE_REL.als,?,INSTANCE
isa2_TB_012_SCOPE_BLOCK_FENCE_SCOPE_DEVICE_ALL_FENCE.als,?,UNSAT
isa2_TB_012_SCOPE_BLOCK_FENCE_SCOPE_DEVICE_THREAD_0_1_FENCE.als,?,UNSAT
isa2_TB_012_SCOPE_BLOCK_FENCE_SCOPE_DEVICE_THREAD_0_2_FENCE_ACQ.als,?,INSTANCE
isa2_TB_012_SCOPE_BLOCK_FENCE_SCOPE_DEVICE_THREAD_0_2_FENCE_REL.als,?,INSTANCE
isa2_TB_012_SCOPE_BLOCK_FENCE_SCOPE_DEVICE_THREAD_0_FENCE_ACQ.als,?,INSTANCE
isa2_TB_012_SCOPE_BLOCK_FENCE_SCOPE_DEVICE_THREAD_0_FENCE_REL.als,?,INSTANCE
isa2_TB_012_SCOPE_BLOCK_FENCE_SCOPE_DEVICE_THREAD_1_2_FENCE.als,?,UNSAT
isa2_TB_012_SCOPE_BLOCK_FENCE_SCOPE_DEVICE_THREAD_1_FENCE.als,?,UNSAT
isa2_TB_012_SCOPE_BLOCK_FENCE_SCOPE_DEVICE_THREAD_2_FENCE_ACQ.als,?,INSTANCE
isa2_TB_012_SCOPE_BLOCK_FENCE_SCOPE_DEVICE_THREAD_2_FENCE_REL.als,?,INSTANCE
isa2_TB_012_SCOPE_BLOCK_NO_FENCE_ACQUIRE.als,?,INSTANCE
isa2_TB_012_SCOPE_BLOCK_NO_FENCE_RELAXED.als,?,INSTANCE
isa2_TB_012_SCOPE_BLOCK_NO_FENCE_RELEASE.als,?,INSTANCE
isa2_TB_012_SCOPE_DEVICE_FENCE_SCOPE_BLOCK_ALL_FENCE.als,?,UNSAT
isa2_TB_012_SCOPE_DEVICE_FENCE_SCOPE_BLOCK_THREAD_0_1_FENCE.als,?,UNSAT
isa2_TB_012_SCOPE_DEVICE_FENCE_SCOPE_BLOCK_THREAD_0_2_FENCE_ACQ.als,?,INSTANCE
isa2_TB_012_SCOPE_DEVICE_FENCE_SCOPE_BLOCK_THREAD_0_2_FENCE_REL.als,?,INSTANCE
isa2_TB_012_SCOPE_DEVICE_FENCE_SCOPE_BLOCK_THREAD_0_FENCE_ACQ.als,?,INSTANCE
isa2_TB_012_SCOPE_DEVICE_FENCE_SCOPE_BLOCK_THREAD_0_FENCE_REL.als,?,INSTANCE
isa2_TB_012_SCOPE_DEVICE_FENCE_SCOPE_BLOCK_THREAD_1_2_FENCE.als,?,UNSAT
isa2_TB_012_SCOPE_DEVICE_FENCE_SCOPE_BLOCK_THREAD_1_FENCE.als,?,UNSAT
isa2_TB_012_SCOPE_DEVICE_FENCE_SCOPE_BLOCK_THREAD_2_FENCE_ACQ.als,?,INSTANCE
isa2_TB_012_SCOPE_DEVICE_FENCE_SCOPE_BLOCK_THREAD_2_FENCE_REL.als,?,INSTANCE
isa2_TB_012_SCOPE_DEVICE_FENCE_SCOPE_DEVICE_ALL_FENCE.als,?,UNSAT
isa2_TB_012_SCOPE_DEVICE_FENCE_SCOPE_DEVICE_THREAD_0_1_FENCE.als,?,UNSAT
isa2_TB_012_SCOPE_DEVICE_FENCE_SCOPE_DEVICE_THREAD_0_2_FENCE_ACQ.als,?,INSTANCE
isa2_TB_012_SCOPE_DEVICE_FENCE_SCOPE_DEVICE_THREAD_0_2_FENCE_REL.als,?,INSTANCE
isa2_TB_012_SCOPE_DEVICE_FENCE_SCOPE_DEVICE_THREAD_0_FENCE_ACQ.als,?,INSTANCE
isa2_TB_012_SCOPE_DEVICE_FENCE_SCOPE_DEVICE_THREAD_0_FENCE_REL.als,?,INSTANCE
isa2_TB_012_SCOPE_DEVICE_FENCE_SCOPE_DEVICE_THREAD_1_2_FENCE.als,?,UNSAT
isa2_TB_012_SCOPE_DEVICE_FENCE_SCOPE_DEVICE_THREAD_1_FENCE.als,?,UNSAT
isa2_TB_012_SCOPE_DEVICE_FENCE_SCOPE_DEVICE_THREAD_2_FENCE_ACQ.als,?,INSTANCE
isa2_TB_012_SCOPE_DEVICE_FENCE_SCOPE_DEVICE_THREAD_2_FENCE_REL.als,?,INSTANCE
isa2_TB_012_SCOPE_DEVICE_NO_FENCE_ACQUIRE.als,?,INSTANCE
isa2_TB_012_SCOPE_DEVICE_NO_FENCE_RELAXED.als,?,INSTANCE
isa2_TB_012_SCOPE_DEVICE_NO_FENCE_RELEASE.als,?,INSTANCE
isa2_TB_1_02_SCOPE_BLOCK_FENCE_SCOPE_BLOCK_ALL_FENCE.als,?,INSTANCE
isa2_TB_1_02_SCOPE_BLOCK_FENCE_SCOPE_BLOCK_THREAD_0_1_FENCE.als,?,INSTANCE
isa2_TB_1_02_SCOPE_BLOCK_FENCE_SCOPE_BLOCK_THREAD_0_2_FENCE_ACQ.als,?,INSTANCE
isa2_TB_1_02_SCOPE_BLOCK_FENCE_SCOPE_BLOCK_THREAD_0_2_FENCE_REL.als,?,INSTANCE
isa2_TB_1_02_SCOPE_BLOCK_FENCE_SCOPE_BLOCK_THREAD_0_FENCE_ACQ.als,?,INSTANCE
isa2_TB_1_02_SCOPE_BLOCK_FENCE_SCOPE_BLOCK_THREAD_0_FENCE_REL.als,?,INSTANCE
isa2_TB_1_02_SCOPE_BLOCK_FENCE_SCOPE_BLOCK_THREAD_1_2_FENCE.als,?,INSTANCE
isa2_TB_1_02_SCOPE_BLOCK_FENCE_SCOPE_BLOCK_THREAD_1_FENCE.als,?,INSTANCE
isa2_TB_1_02_SCOPE_BLOCK_FENCE_SCOPE_BLOCK_THREAD_2_FENCE_ACQ.als,?,INSTANCE
isa2_TB_1_02_SCOPE_BLOCK_FENCE_SCOPE_BLOCK_THREAD_2_FENCE_REL.als,?,INSTANCE
isa2_TB_1_02_SCOPE_BLOCK_FENCE_SCOPE_DEVICE_ALL_FENCE.als,?,INSTANCE
isa2_TB_1_02_SCOPE_BLOCK_FENCE_SCOPE_DEVICE_THREAD_0_1_FENCE.als,?,INSTANCE
isa2_TB_1_02_SCOPE_BLOCK_FENCE_SCOPE_DEVICE_THREAD_0_2_FENCE_ACQ.als,?,INSTANCE
isa2_TB_1_02_SCOPE_BLOCK_FENCE_SCOPE_DEVICE_THREAD_0_2_FENCE_REL.als,?,INSTANCE
isa2_TB_1_02_SCOPE_BLOCK_FENCE_SCOPE_DEVICE_THREAD_0_FENCE_ACQ.als,?,INSTANCE
isa2_TB_1_02_SCOPE_BLOCK_FENCE_SCOPE_DEVICE_THREAD_0_FENCE_REL.als,?,INSTANCE
isa2_TB_1_02_SCOPE_BLOCK_FENCE_SCOPE_DEVICE_THREAD_1_2_FENCE.als,?,INSTANCE
isa2_TB_1_02_SCOPE_BLOCK_FENCE_SCOPE_DEVICE_THREAD_1_FENCE.als,?,INSTANCE
isa2_TB_1_02_SCOPE_BLOCK_FENCE_SCOPE_DEVICE_THREAD_2_FENCE_ACQ.als,?,INSTANCE
isa2_TB_1_02_SCOPE_BLOCK_FENCE_SCOPE_DEVICE_THREAD_2_FENCE_REL.als,?,INSTANCE
isa2_TB_1_02_SCOPE_BLOCK_NO_FENCE_ACQUIRE.als,?,INSTANCE
isa2_TB_1_02_SCOPE_BLOCK_NO_FENCE_RELAXED.als,?,INSTANCE
isa2_TB_1_02_SCOPE_BLOCK_NO_FENCE_RELEASE.als,?,INSTANCE
isa2_TB_1_02_SCOPE_DEVICE_FENCE_SCOPE_BLOCK_ALL_FENCE.als,?,INSTANCE
isa2_TB_1_02_SCOPE_DEVICE_FENCE_SCOPE_BLOCK_THREAD_0_1_FENCE.als,?,INSTANCE
isa2_TB_1_02_SCOPE_DEVICE_FENCE_SCOPE_BLOCK_THREAD_0_2_FENCE_ACQ.als,?,INSTANCE
isa2_TB_1_02_SCOPE_DEVICE_FENCE_SCOPE_BLOCK_THREAD_0_2_FENCE_REL.als,?,INSTANCE
isa2_TB_1_02_SCOPE_DEVICE_FENCE_SCOPE_BLOCK_THREAD_0_FENCE_ACQ.als,?,INSTANCE
isa2_TB_1_02_SCOPE_DEVICE_FENCE_SCOPE_BLOCK_THREAD_0_FENCE_REL.als,?,INSTANCE
isa2_TB_1_02_SCOPE_DEVICE_FENCE_SCOPE_BLOCK_THREAD_1_2_FENCE.als,?,INSTANCE
isa2_TB_1_02_SCOPE_DEVICE_FENCE_SCOPE_BLOCK_THREAD_1_FENCE.als,?,INSTANCE
isa2_TB_1_02_SCOPE_DEVICE_FENCE_SCOPE_BLOCK_THREAD_2_FENCE_ACQ.als,?,INSTANCE
isa2_TB_1_02_SCOPE_DEVICE_FENCE_SCOPE_BLOCK_THREAD_2_FENCE_REL.als,?,INSTANCE
isa2_TB_1_02_SCOPE_DEVICE_FENCE_SCOPE_DEVICE_ALL_FENCE.als,?,UNSAT
isa2_TB_1_02_SCOPE_DEVICE_FENCE_SCOPE_DEVICE_THREAD_0_1_FENCE.als,?,UNSAT
isa2_TB_1_02_SCOPE_DEVICE_FENCE_SCOPE_DEVICE_THREAD_0_2_FENCE_ACQ.als,?,INSTANCE
isa2_TB_1_02_SCOPE_DEVICE_FENCE_SCOPE_DEVICE_THREAD_0_2_FENCE_REL.als,?,INSTANCE
isa2_TB_1_02_SCOPE_DEVICE_FENCE_SCOPE_DEVICE_THREAD_0_FENCE_ACQ.als,?,INSTANCE
isa2_TB_1_02_SCOPE_DEVICE_FENCE_SCOPE_DEVICE_THREAD_0_FENCE_REL.als,?,INSTANCE
isa2_TB_1_02_SCOPE_DEVICE_FENCE_SCOPE_DEVICE_THREAD_1_2_FENCE.als,?,UNSAT
isa2_TB_1_02_SCOPE_DEVICE_FENCE_SCOPE_DEVICE_THREAD_1_FENCE.als,?,UNSAT
isa2_TB_1_02_SCOPE_DEVICE_FENCE_SCOPE_DEVICE_THREAD_2_FENCE_ACQ.als,?,INSTANCE
isa2_TB_1_02_SCOPE_DEVICE_FENCE_SCOPE_DEVICE_THREAD_2_FENCE_REL.als,?,INSTANCE
isa2_TB_1_02_SCOPE_DEVICE_NO_FENCE_ACQUIRE.als,?,INSTANCE
isa2_TB_1_02_SCOPE_DEVICE_NO_FENCE_RELAXED.als,?,INSTANCE
isa2_TB_1_02_SCOPE_DEVICE_NO_FENCE_RELEASE.als,?,INSTANCE
paper_example1_TB_0_1_2_3_SCOPE_DEVICE_NO_FENCE_DISALLOWED.als,?,INSTANCE
paper_example1_TB_0_1_2_3_SCOPE_DEVICE_NO_FENCE_RELAXED.als,?,INSTANCE
paper_example2_TB_0_1_2_3_SCOPE_DEVICE_NO_FENCE_DISALLOWED.als,?,INSTANCE
paper_example2_TB_0_1_2_3_SCOPE_DEVICE_NO_FENCE_RELAXED.als,?,INSTANCE
rwc_TB_0_1_2_SCOPE_BLOCK_FENCE_SCOPE_BLOCK_BOTH_FENCE.als,?,INSTANCE
rwc_TB_0_1_2_SCOPE_BLOCK_FENCE_SCOPE_BLOCK_THREAD_1_FENCE_LOAD_SC.als,?,INSTANCE
rwc_TB_0_1_2_SCOPE_BLOCK_FENCE_SCOPE_BLOCK_THREAD_1_FENCE_STORE_SC.als,?,INSTANCE
rwc_TB_0_1_2_SCOPE_BLOCK_FENCE_SCOPE_BLOCK_THREAD_2_FENCE.als,?,INSTANCE
rwc_TB_0_1_2_SCOPE_BLOCK_FENCE_SCOPE_DEVICE_BOTH_FENCE.als,?,INSTANCE
rwc_TB_0_1_2_SCOPE_BLOCK_FENCE_SCOPE_DEVICE_THREAD_1_FENCE_LOAD_SC.als,?,INSTANCE
rwc_TB_0_1_2_SCOPE_BLOCK_FENCE_SCOPE_DEVICE_THREAD_1_FENCE_STORE_SC.als,?,INSTANCE
rwc_TB_0_1_2_SCOPE_BLOCK_FENCE_SCOPE_DEVICE_THREAD_2_FENCE.als,?,INSTANCE
rwc_TB_0_1_2_SCOPE_BLOCK_NO_FENCE_LOAD_SC.als,?,INSTANCE
rwc_TB_0_1_2_SCOPE_BLOCK_NO_FENCE_RELAXED.als,?,INSTANCE
rwc_TB_0_1_2_SCOPE_BLOCK_NO_FENCE_STORE_SC.als,?,INSTANCE
rwc_TB_0_1_2_SCOPE_DEVICE_FENCE_SCOPE_BLOCK_BOTH_FENCE.als,?,INSTANCE
rwc_TB_0_1_2_SCOPE_DEVICE_FENCE_SCOPE_BLOCK_THREAD_1_FENCE_LOAD_SC.als,?,INSTANCE
rwc_TB_0_1_2_SCOPE_DEVICE_FENCE_SCOPE_BLOCK_THREAD_1_FENCE_STORE_SC.als,?,INSTANCE
rwc_TB_0_1_2_SCOPE_DEVICE_FENCE_SCOPE_BLOCK_THREAD_2_FENCE.als,?,INSTANCE
rwc_TB_0_1_2_SCOPE_DEVICE_FENCE_SCOPE_DEVICE_BOTH_FENCE.als,?,INSTANCE
rwc_TB_0_1_2_SCOPE_DEVICE_FENCE_SCOPE_DEVICE_THREAD_1_FENCE_LOAD_SC.als,?,INSTANCE
rwc_TB_0_1_2_SCOPE_DEVICE_FENCE_SCOPE_DEVICE_THREAD_1_FENCE_STORE_SC.als,?,INSTANCE
rwc_TB_0_1_2_SCOPE_DEVICE_FENCE_SCOPE_DEVICE_THREAD_2_FENCE.als,?,INSTANCE
rwc_TB_0_1_2_SCOPE_DEVICE_NO_FENCE_LOAD_SC.als,?,INSTANCE
rwc_TB_0_1_2_SCOPE_DEVICE_NO_FENCE_RELAXED.als,?,INSTANCE
rwc_TB_0_1_2_SCOPE_DEVICE_NO_FENCE_STORE_SC.als,?,INSTANCE
rwc_TB_0_12_SCOPE_BLOCK_FENCE_SCOPE_BLOCK_BOTH_FENCE.als,?,INSTANCE
rwc_TB_0_12_SCOPE_BLOCK_FENCE_SCOPE_BLOCK_THREAD_1_FENCE_LOAD_SC.als,?,INSTANCE
rwc_TB_0_12_SCOPE_BLOCK_FENCE_SCOPE_BLOCK_THREAD_1_FENCE_STORE_SC.als,?,INSTANCE
rwc_TB_0_12_SCOPE_BLOCK_FENCE_SCOPE_BLOCK_THREAD_2_FENCE.als,?,INSTANCE
rwc_TB_0_12_SCOPE_BLOCK_FENCE_SCOPE_DEVICE_BOTH_FENCE.als,?,INSTANCE
rwc_TB_0_12_SCOPE_BLOCK_FENCE_SCOPE_DEVICE_THREAD_1_FENCE_LOAD_SC.als,?,INSTANCE
rwc_TB_0_12_SCOPE_BLOCK_FENCE_SCOPE_DEVICE_THREAD_1_FENCE_STORE_SC.als,?,INSTANCE
rwc_TB_0_12_SCOPE_BLOCK_FENCE_SCOPE_DEVICE_THREAD_2_FENCE.als,?,INSTANCE
rwc_TB_0_12_SCOPE_BLOCK_NO_FENCE_LOAD_SC.als,?,INSTANCE
rwc_TB_0_12_SCOPE_BLOCK_NO_FENCE_RELAXED.als,?,INSTANCE
rwc_TB_0_12_SCOPE_BLOCK_NO_FENCE_STORE_SC.als,?,INSTANCE
rwc_TB_0_12_SCOPE_DEVICE_FENCE_SCOPE_BLOCK_BOTH_FENCE.als,?,INSTANCE
rwc_TB_0_12_SCOPE_DEVICE_FENCE_SCOPE_BLOCK_THREAD_1_FENCE_LOAD_SC.als,?,INSTANCE
rwc_TB_0_12_SCOPE_DEVICE_FENCE_SCOPE_BLOCK_THREAD_1_FENCE_STORE_SC.als,?,INSTANCE
rwc_TB_0_12_SCOPE_DEVICE_FENCE_SCOPE_BLOCK_THREAD_2_FENCE.als,?,INSTANCE
rwc_TB_0_12_SCOPE_DEVICE_FENCE_SCOPE_DEVICE_BOTH_FENCE.als,?,INSTANCE
rwc_TB_0_12_SCOPE_DEVICE_FENCE_SCOPE_DEVICE_THREAD_1_FENCE_LOAD_SC.als,?,INSTANCE
rwc_TB_0_12_SCOPE_DEVICE_FENCE_SCOPE_DEVICE_THREAD_1_FENCE_STORE_SC.als,?,INSTANCE
rwc_TB_0_12_SCOPE_DEVICE_FENCE_SCOPE_DEVICE_THREAD_2_FENCE.als,?,INSTANCE
rwc_TB_0_12_SCOPE_DEVICE_NO_FENCE_LOAD_SC.als,?,INSTANCE
rwc_TB_0_12_SCOPE_DEVICE_NO_FENCE_RELAXED.als,?,INSTANCE
rwc_TB_0_12_SCOPE_DEVICE_NO_FENCE_STORE_SC.als,?,INSTANCE
rwc_TB_01_2_SCOPE_BLOCK_FENCE_SCOPE_BLOCK_BOTH_FENCE.als,?,INSTANCE
rwc_TB_01_2_SCOPE_BLOCK_FENCE_SCOPE_BLOCK_THREAD_1_FENCE_LOAD_SC.als,?,INSTANCE
rwc_TB_01_2_SCOPE_BLOCK_FENCE_SCOPE_BLOCK_THREAD_1_FENCE_STORE_SC.als,?,INSTANCE
rwc_TB_01_2_SCOPE_BLOCK_FENCE_SCOPE_BLOCK_THREAD_2_FENCE.als,?,INSTANCE
rwc_TB_01_2_SCOPE_BLOCK_FENCE_SCOPE_DEVICE_BOTH_FENCE.als,?,INSTANCE
rwc_TB_01_2_SCOPE_BLOCK_FENCE_SCOPE_DEVICE_THREAD_1_FENCE_LOAD_SC.als,?,INSTANCE
rwc_TB_01_2_SCOPE_BLOCK_FENCE_SCOPE_DEVICE_THREAD_1_FENCE_STORE_SC.als,?,INSTANCE
rwc_TB_01_2_SCOPE_BLOCK_FENCE_SCOPE_DEVICE_THREAD_2_FENCE.als,?,INSTANCE
rwc_TB_01_2_SCOPE_BLOCK_NO_FENCE_LOAD_SC.als,?,INSTANCE
rwc_TB_01_2_SCOPE_BLOCK_NO_FENCE_RELAXED.als,?,INSTANCE
rwc_TB_01_2_SCOPE_BLOCK_NO_FENCE_STORE_SC.als,?,INSTANCE
rwc_TB_01_2_SCOPE_DEVICE_FENCE_SCOPE_BLOCK_BOTH_FENCE.als,?,INSTANCE
rwc_TB_01_2_SCOPE_DEVICE_FENCE_SCOPE_BLOCK_THREAD_1_FENCE_LOAD_SC.als,?,INSTANCE
rwc_TB_01_2_SCOPE_DEVICE_FENCE_SCOPE_BLOCK_THREAD_1_FENCE_STORE_SC.als,?,INSTANCE
rwc_TB_01_2_SCOPE_DEVICE_FENCE_SCOPE_BLOCK_THREAD_2_FENCE.als,?,INSTANCE
rwc_TB_01_2_SCOPE_DEVICE_FENCE_SCOPE_DEVICE_BOTH_FENCE.als,?,INSTANCE
rwc_TB_01_2_SCOPE_DEVICE_FENCE_SCOPE_DEVICE_THREAD_1_FENCE_LOAD_SC.als,?,INSTANCE
rwc_TB_01_2_SCOPE_DEVICE_FENCE_SCOPE_DEVICE_THREAD_1_FENCE_STORE_SC.als,?,INSTANCE
rwc_TB_01_2_SCOPE_DEVICE_FENCE_SCOPE_DEVICE_THREAD_2_FENCE.als,?,INSTANCE
rwc_TB_01_2_SCOPE_DEVICE_NO_FENCE_LOAD_SC.als,?,INSTANCE
rwc_TB_01_2_SCOPE_DEVICE_NO_FENCE_RELAXED.als,?,INSTANCE
rwc_TB_01_2_SCOPE_DEVICE_NO_FENCE_STORE_SC.als,?,INSTANCE
rwc_TB_012_SCOPE_BLOCK_FENCE_SCOPE_BLOCK_BOTH_FENCE.als,?,INSTANCE
rwc_TB_012_SCOPE_BLOCK_FENCE_SCOPE_BLOCK_THREAD_1_FENCE_LOAD_SC.als,?,INSTANCE
rwc_TB_012_SCOPE_BLOCK_FENCE_SCOPE_BLOCK_THREAD_1_FENCE_STORE_SC.als,?,INSTANCE
rwc_TB_012_SCOPE_BLOCK_FENCE_SCOPE_BLOCK_THREAD_2_FENCE.als,?,INSTANCE
rwc_TB_012_SCOPE_BLOCK_FENCE_SCOPE_DEVICE_BOTH_FENCE.als,?,INSTANCE
rwc_TB_012_SCOPE_BLOCK_FENCE_SCOPE_DEVICE_THREAD_1_FENCE_LOAD_SC.als,?,INSTANCE
rwc_TB_012_SCOPE_BLOCK_FENCE_SCOPE_DEVICE_THREAD_1_FENCE_STORE_SC.als,?,INSTANCE
rwc_TB_012_SCOPE_BLOCK_FENCE_SCOPE_DEVICE_THREAD_2_FENCE.als,?,INSTANCE
rwc_TB_012_SCOPE_BLOCK_NO_FENCE_LOAD_SC.als,?,INSTANCE
rwc_TB_012_SCOPE_BLOCK_NO_FENCE_RELAXED.als,?,INSTANCE
rwc_TB_012_SCOPE_BLOCK_NO_FENCE_STORE_SC.als,?,INSTANCE
rwc_TB_012_SCOPE_DEVICE_FENCE_SCOPE_BLOCK_BOTH_FENCE.als,?,INSTANCE
rwc_TB_012_SCOPE_DEVICE_FENCE_SCOPE_BLOCK_THREAD_1_FENCE_LOAD_SC.als,?,INSTANCE
rwc_TB_012_SCOPE_DEVICE_FENCE_SCOPE_BLOCK_THREAD_1_FENCE_STORE_SC.als,?,INSTANCE
rwc_TB_012_SCOPE_DEVICE_FENCE_SCOPE_BLOCK_THREAD_2_FENCE.als,?,INSTANCE
rwc_TB_012_SCOPE_DEVICE_FENCE_SCOPE_DEVICE_BOTH_FENCE.als,?,INSTANCE
rwc_TB_012_SCOPE_DEVICE_FENCE_SCOPE_DEVICE_THREAD_1_FENCE_LOAD_SC.als,?,INSTANCE
rwc_TB_012_SCOPE_DEVICE_FENCE_SCOPE_DEVICE_THREAD_1_FENCE_STORE_SC.als,?,INSTANCE
rwc_TB_012_SCOPE_DEVICE_FENCE_SCOPE_DEVICE_THREAD_2_FENCE.als,?,INSTANCE
rwc_TB_012_SCOPE_DEVICE_NO_FENCE_LOAD_SC.als,?,INSTANCE
rwc_TB_012_SCOPE_DEVICE_NO_FENCE_RELAXED.als,?,INSTANCE
rwc_TB_012_SCOPE_DEVICE_NO_FENCE_STORE_SC.als,?,INSTANCE
rwc_TB_1_02_SCOPE_BLOCK_FENCE_SCOPE_BLOCK_BOTH_FENCE.als,?,INSTANCE
rwc_TB_1_02_SCOPE_BLOCK_FENCE_SCOPE_BLOCK_THREAD_1_FENCE_LOAD_SC.als,?,INSTANCE
rwc_TB_1_02_SCOPE_BLOCK_FENCE_SCOPE_BLOCK_THREAD_1_FENCE_STORE_SC.als,?,INSTANCE
rwc_TB_1_02_SCOPE_BLOCK_FENCE_SCOPE_BLOCK_THREAD_2_FENCE.als,?,INSTANCE
rwc_TB_1_02_SCOPE_BLOCK_FENCE_SCOPE_DEVICE_BOTH_FENCE.als,?,INSTANCE
rwc_TB_1_02_SCOPE_BLOCK_FENCE_SCOPE_DEVICE_THREAD_1_FENCE_LOAD_SC.als,?,INSTANCE
rwc_TB_1_02_SCOPE_BLOCK_FENCE_SCOPE_DEVICE_THREAD_1_FENCE_STORE_SC.als,?,INSTANCE
rwc_TB_1_02_SCOPE_BLOCK_FENCE_SCOPE_DEVICE_THREAD_2_FENCE.als,?,INSTANCE
rwc_TB_1_02_SCOPE_BLOCK_NO_FENCE_LOAD_SC.als,?,INSTANCE
rwc_TB_1_02_SCOPE_BLOCK_NO_FENCE_RELAXED.als,?,INSTANCE
rwc_TB_1_02_SCOPE_BLOCK_NO_FENCE_STORE_SC.als,?,INSTANCE
rwc_TB_1_02_SCOPE_DEVICE_FENCE_SCOPE_BLOCK_BOTH_FENCE.als,?,INSTANCE
rwc_TB_1_02_SCOPE_DEVICE_FENCE_SCOPE_BLOCK_THREAD_1_FENCE_LOAD_SC.als,?,INSTANCE
rwc_TB_1_02_SCOPE_DEVICE_FENCE_SCOPE_BLOCK_THREAD_1_FENCE_STORE_SC.als,?,INSTANCE
rwc_TB_1_02_SCOPE_DEVICE_FENCE_SCOPE_BLOCK_THREAD_2_FENCE.als,?,INSTANCE
rwc_TB_1_02_SCOPE_DEVICE_FENCE_SCOPE_DEVICE_BOTH_FENCE.als,?,INSTANCE
rwc_TB_1_02_SCOPE_DEVICE_FENCE_SCOPE_DEVICE_THREAD_1_FENCE_LOAD_SC.als,?,INSTANCE
rwc_TB_1_02_SCOPE_DEVICE_FENCE_SCOPE_DEVICE_THREAD_1_FENCE_STORE_SC.als,?,INSTANCE
rwc_TB_1_02_SCOPE_DEVICE_FENCE_SCOPE_DEVICE_THREAD_2_FENCE.als,?,INSTANCE
rwc_TB_1_02_SCOPE_DEVICE_NO_FENCE_LOAD_SC.als,?,INSTANCE
rwc_TB_1_02_SCOPE_DEVICE_NO_FENCE_RELAXED.als,?,INSTANCE
rwc_TB_1_02_SCOPE_DEVICE_NO_FENCE_STORE_SC.als,?,INSTANCE
three_2w_TB_0_1_2_SCOPE_BLOCK_FENCE_SCOPE_BLOCK_ALL_FENCE.als,?,INSTANCE
three_2w_TB_0_1_2_SCOPE_BLOCK_FENCE_SCOPE_BLOCK_FENCE_0.als,?,INSTANCE
three_2w_TB_0_1_2_SCOPE_BLOCK_FENCE_SCOPE_BLOCK_FENCE_01.als,?,INSTANCE
three_2w_TB_0_1_2_SCOPE_BLOCK_FENCE_SCOPE_BLOCK_FENCE_02.als,?,INSTANCE
three_2w_TB_0_1_2_SCOPE_BLOCK_FENCE_SCOPE_BLOCK_FENCE_1.als,?,INSTANCE
three_2w_TB_0_1_2_SCOPE_BLOCK_FENCE_SCOPE_BLOCK_FENCE_12.als,?,INSTANCE
three_2w_TB_0_1_2_SCOPE_BLOCK_FENCE_SCOPE_BLOCK_FENCE_2.als,?,INSTANCE
three_2w_TB_0_1_2_SCOPE_BLOCK_FENCE_SCOPE_DEVICE_ALL_FENCE.als,?,INSTANCE
three_2w_TB_0_1_2_SCOPE_BLOCK_FENCE_SCOPE_DEVICE_FENCE_0.als,?,INSTANCE
three_2w_TB_0_1_2_SCOPE_BLOCK_FENCE_SCOPE_DEVICE_FENCE_01.als,?,INSTANCE
three_2w_TB_0_1_2_SCOPE_BLOCK_FENCE_SCOPE_DEVICE_FENCE_02.als,?,INSTANCE
three_2w_TB_0_1_2_SCOPE_BLOCK_FENCE_SCOPE_DEVICE_FENCE_1.als,?,INSTANCE
three_2w_TB_0_1_2_SCOPE_BLOCK_FENCE_SCOPE_DEVICE_FENCE_12.als,?,INSTANCE
three_2w_TB_0_1_2_SCOPE_BLOCK_FENCE_SCOPE_DEVICE_FENCE_2.als,?,INSTANCE
three_2w_TB_0_1_2_SCOPE_BLOCK_NO_FENCE_RELAXED.als,?,INSTANCE
three_2w_TB_0_1_2_SCOPE_BLOCK_NO_FENCE_RELEASE.als,?,INSTANCE
three_2w_TB_0_1_2_SCOPE_DEVICE_FENCE_SCOPE_BLOCK_ALL_FENCE.als,?,INSTANCE
three_2w_TB_0_1_2_SCOPE_DEVICE_FENCE_SCOPE_BLOCK_FENCE_0.als,?,INSTANCE
three_2w_TB_0_1_2_SCOPE_DEVICE_FENCE_SCOPE_BLOCK_FENCE_01.als,?,INSTANCE
three_2w_TB_0_1_2_SCOPE_DEVICE_FENCE_SCOPE_BLOCK_FENCE_02.als,?,INSTANCE
three_2w_TB_0_1_2_SCOPE_DEVICE_FENCE_SCOPE_BLOCK_FENCE_1.als,?,INSTANCE
three_2w_TB_0_1_2_SCOPE_DEVICE_FENCE_SCOPE_BLOCK_FENCE_12.als,?,INSTANCE
three_2w_TB_0_1_2_SCOPE_DEVICE_FENCE_SCOPE_BLOCK_FENCE_2.als,?,INSTANCE
three_2w_TB_0_1_2_SCOPE_DEVICE_FENCE_SCOPE_DEVICE_ALL_FENCE.als,?,INSTANCE
three_2w_TB_0_1_2_SCOPE_DEVICE_FENCE_SCOPE_DEVICE_FENCE_0.als,?,INSTANCE
three_2w_TB_0_1_2_SCOPE_DEVICE_FENCE_SCOPE_DEVICE_FENCE_01.als,?,INSTANCE
three_2w_TB_0_1_2_SCOPE_DEVICE_FENCE_SCOPE_DEVICE_FENCE_02.als,?,INSTANCE
three_2w_TB_0_1_2_SCOPE_DEVICE_FENCE_SCOPE_DEVICE_FENCE_1.als,?,INSTANCE
three_2w_TB_0_1_2_SCOPE_DEVICE_FENCE_SCOPE_DEVICE_FENCE_12.als,?,INSTANCE
three_2w_TB_0_1_2_SCOPE_DEVICE_FENCE_SCOPE_DEVICE_FENCE_2.als,?,INSTANCE
three_2w_TB_0_1_2_SCOPE_DEVICE_NO_FENCE_RELAXED.als,?,INSTANCE
three_2w_TB_0_1_2_SCOPE_DEVICE_NO_FENCE_RELEASE.als,?,INSTANCE
three_2w_TB_0_12_SCOPE_BLOCK_FENCE_SCOPE_BLOCK_ALL_FENCE.als,?,INSTANCE
three_2w_TB_0_12_SCOPE_BLOCK_FENCE_SCOPE_BLOCK_FENCE_0.als,?,INSTANCE
three_2w_TB_0_12_SCOPE_BLOCK_FENCE_SCOPE_BLOCK_FENCE_01.als,?,INSTANCE
three_2w_TB_0_12_SCOPE_BLOCK_FENCE_SCOPE_BLOCK_FENCE_02.als,?,INSTANCE
three_2w_TB_0_12_SCOPE_BLOCK_FENCE_SCOPE_BLOCK_FENCE_1.als,?,INSTANCE
three_2w_TB_0_12_SCOPE_BLOCK_FENCE_SCOPE_BLOCK_FENCE_12.als,?,INSTANCE
three_2w_TB_0_12_SCOPE_BLOCK_FENCE_SCOPE_BLOCK_FENCE_2.als,?,INSTANCE
three_2w_TB_0_12_SCOPE_BLOCK_FENCE_SCOPE_DEVICE_ALL_FENCE.als,?,INSTANCE
three_2w_TB_0_12_SCOPE_BLOCK_FENCE_SCOPE_DEVICE_FENCE_0.als,?,INSTANCE
three_2w_TB_0_12_SCOPE_BLOCK_FENCE_SCOPE_DEVICE_FENCE_01.als,?,INSTANCE
three_2w_TB_0_12_SCOPE_BLOCK_FENCE_SCOPE_DEVICE_FENCE_02.als,?,INSTANCE
three_2w_TB_0_12_SCOPE_BLOCK_FENCE_SCOPE_DEVICE_FENCE_1.als,?,INSTANCE
three_2w_TB_0_12_SCOPE_BLOCK_FENCE_SCOPE_DEVICE_FENCE_12.als,?,INSTANCE
three_2w_TB_0_12_SCOPE_BLOCK_FENCE_SCOPE_DEVICE_FENCE_2.als,?,INSTANCE
three_2w_TB_0_12_SCOPE_BLOCK_NO_FENCE_RELAXED.als,?,INSTANCE
three_2w_TB_0_12_SCOPE_BLOCK_NO_FENCE_RELEASE.als,?,INSTANCE
three_2w_TB_0_12_SCOPE_DEVICE_FENCE_SCOPE_BLOCK_ALL_FENCE.als,?,INSTANCE
three_2w_TB_0_12_SCOPE_DEVICE_FENCE_SCOPE_BLOCK_FENCE_0.als,?,INSTANCE
three_2w_TB_0_12_SCOPE_DEVICE_FENCE_SCOPE_BLOCK_FENCE_01.als,?,INSTANCE
three_2w_TB_0_12_SCOPE_DEVICE_FENCE_SCOPE_BLOCK_FENCE_02.als,?,INSTANCE
three_2w_TB_0_12_SCOPE_DEVICE_FENCE_SCOPE_BLOCK_FENCE_1.als,?,INSTANCE
three_2w_TB_0_12_SCOPE_DEVICE_FENCE_SCOPE_BLOCK_FENCE_12.als,?,INSTANCE
three_2w_TB_0_12_SCOPE_DEVICE_FENCE_SCOPE_BLOCK_FENCE_2.als,?,INSTANCE
three_2w_TB_0_12_SCOPE_DEVICE_FENCE_SCOPE_DEVICE_ALL_FENCE.als,?,INSTANCE
three_2w_TB_0_12_SCOPE_DEVICE_FENCE_SCOPE_DEVICE_FENCE_0.als,?,INSTANCE
three_2w_TB_0_12_SCOPE_DEVICE_FENCE_SCOPE_DEVICE_FENCE_01.als,?,INSTANCE
three_2w_TB_0_12_SCOPE_DEVICE_FENCE_SCOPE_DEVICE_FENCE_02.als,?,INSTANCE
three_2w_TB_0_12_SCOPE_DEVICE_FENCE_SCOPE_DEVICE_FENCE_1.als,?,INSTANCE
three_2w_TB_0_12_SCOPE_DEVICE_FENCE_SCOPE_DEVICE_FENCE_12.als,?,INSTANCE
three_2w_TB_0_12_SCOPE_DEVICE_FENCE_SCOPE_DEVICE_FENCE_2.als,?,INSTANCE
three_2w_TB_0_12_SCOPE_DEVICE_NO_FENCE_RELAXED.als,?,INSTANCE
three_2w_TB_0_12_SCOPE_DEVICE_NO_FENCE_RELEASE.als,?,INSTANCE
three_2w_TB_01_2_SCOPE_BLOCK_FENCE_SCOPE_BLOCK_ALL_FENCE.als,?,INSTANCE
three_2w_TB_01_2_SCOPE_BLOCK_FENCE_SCOPE_BLOCK_FENCE_0.als,?,INSTANCE
three_2w_TB_01_2_SCOPE_BLOCK_FENCE_SCOPE_BLOCK_FENCE_01.als,?,INSTANCE
three_2w_TB_01_2_SCOPE_BLOCK_FENCE_SCOPE_BLOCK_FENCE_02.als,?,INSTANCE
three_2w_TB_01_2_SCOPE_BLOCK_FENCE_SCOPE_BLOCK_FENCE_1.als,?,INSTANCE
three_2w_TB_01_2_SCOPE_BLOCK_FENCE_SCOPE_BLOCK_FENCE_12.als,?,INSTANCE
three_2w_TB_01_2_SCOPE_BLOCK_FENCE_SCOPE_BLOCK_FENCE_2.als,?,INSTANCE
three_2w_TB_01_2_SCOPE_BLOCK_FENCE_SCOPE_DEVICE_ALL_FENCE.als,?,INSTANCE
three_2w_TB_01_2_SCOPE_BLOCK_FENCE_SCOPE_DEVICE_FENCE_0.als,?,INSTANCE
three_2w_TB_01_2_SCOPE_BLOCK_FENCE_SCOPE_DEVICE_FENCE_01.als,?,INSTANCE
three_2w_TB_01_2_SCOPE_BLOCK_FENCE_SCOPE_DEVICE_FENCE_02.als,?,INSTANCE
three_2w_TB_01_2_SCOPE_BLOCK_FENCE_SCOPE_DEVICE_FENCE_1.als,?,INSTANCE
three_2w_TB_01_2_SCOPE_BLOCK_FENCE_SCOPE_DEVICE_FENCE_12.als,?,INSTANCE
three_2w_TB_01_2_SCOPE_BLOCK_FENCE_SCOPE_DEVICE_FENCE_2.als,?,INSTANCE
three_2w_TB_01_2_SCOPE_BLOCK_NO_FENCE_RELAXED.als,?,INSTANCE
three_2w_TB_01_2_SCOPE_BLOCK_NO_FENCE_RELEASE.als,?,INSTANCE
three_2w_TB_01_2_SCOPE_DEVICE_FENCE_SCOPE_BLOCK_ALL_FENCE.als,?,INSTANCE
three_2w_TB_01_2_SCOPE_DEVICE_FENCE_SCOPE_BLOCK_FENCE_0.als,?,INSTANCE
three_2w_TB_01_2_SCOPE_DEVICE_FENCE_SCOPE_BLOCK_FENCE_01.als,?,INSTANCE
three_2w_TB_01_2_SCOPE_DEVICE_FENCE_SCOPE_BLOCK_FENCE_02.als,?,INSTANCE
three_2w_TB_01_2_SCOPE_DEVICE_FENCE_SCOPE_BLOCK_FENCE_1.als,?,INSTANCE
three_2w_TB_01_2_SCOPE_DEVICE_FENCE_SCOPE_BLOCK_FENCE_12.als,?,INSTANCE
three_2w_TB_01_2_SCOPE_DEVICE_FENCE_SCOPE_BLOCK_FENCE_2.als,?,INSTANCE
three_2w_TB_01_2_SCOPE_DEVICE_FENCE_SCOPE_DEVICE_ALL_FENCE.als,?,INSTANCE
three_2w_TB_01_2_SCOPE_DEVICE_FENCE_SCOPE_DEVICE_FENCE_0.als,?,INSTANCE
three_2w_TB_01_2_SCOPE_DEVICE_FENCE_SCOPE_DEVICE_FENCE_01.als,?,INSTANCE
three_2w_TB_01_2_SCOPE_DEVICE_FENCE_SCOPE_DEVICE_FENCE_02.als,?,INSTANCE
three_2w_TB_01_2_SCOPE_DEVICE_FENCE_SCOPE_DEVICE_FENCE_1.als,?,INSTANCE
three_2w_TB_01_2_SCOPE_DEVICE_FENCE_SCOPE_DEVICE_FENCE_12.als,?,INSTANCE
three_2w_TB_01_2_SCOPE_DEVICE_FENCE_SCOPE_DEVICE_FENCE_2.als,?,INSTANCE
three_2w_TB_01_2_SCOPE_DEVICE_NO_FENCE_RELAXED.als,?,INSTANCE
three_2w_TB_01_2_SCOPE_DEVICE_NO_FENCE_RELEASE.als,?,INSTANCE
three_2w_TB_012_SCOPE_BLOCK_FENCE_SCOPE_BLOCK_ALL_FENCE.als,?,INSTANCE
three_2w_TB_012_SCOPE_BLOCK_FENCE_SCOPE_BLOCK_FENCE_0.als,?,INSTANCE
three_2w_TB_012_SCOPE_BLOCK_FENCE_SCOPE_BLOCK_FENCE_01.als,?,INSTANCE
three_2w_TB_012_SCOPE_BLOCK_FENCE_SCOPE_BLOCK_FENCE_02.als,?,INSTANCE
three_2w_TB_012_SCOPE_BLOCK_FENCE_SCOPE_BLOCK_FENCE_1.als,?,INSTANCE
three_2w_TB_012_SCOPE_BLOCK_FENCE_SCOPE_BLOCK_FENCE_12.als,?,INSTANCE
three_2w_TB_012_SCOPE_BLOCK_FENCE_SCOPE_BLOCK_FENCE_2.als,?,INSTANCE
three_2w_TB_012_SCOPE_BLOCK_FENCE_SCOPE_DEVICE_ALL_FENCE.als,?,INSTANCE
three_2w_TB_012_SCOPE_BLOCK_FENCE_SCOPE_DEVICE_FENCE_0.als,?,INSTANCE
three_2w_TB_012_SCOPE_BLOCK_FENCE_SCOPE_DEVICE_FENCE_01.als,?,INSTANCE
three_2w_TB_012_SCOPE_BLOCK_FENCE_SCOPE_DEVICE_FENCE_02.als,?,INSTANCE
three_2w_TB_012_SCOPE_BLOCK_FENCE_SCOPE_DEVICE_FENCE_1.als,?,INSTANCE
three_2w_TB_012_SCOPE_BLOCK_FENCE_SCOPE_DEVICE_FENCE_12.als,?,INSTANCE
three_2w_TB_012_SCOPE_BLOCK_FENCE_SCOPE_DEVICE_FENCE_2.als,?,INSTANCE
three_2w_TB_012_SCOPE_BLOCK_NO_FENCE_RELAXED.als,?,INSTANCE
three_2w_TB_012_SCOPE_BLOCK_NO_FENCE_RELEASE.als,?,INSTANCE
three_2w_TB_012_SCOPE_DEVICE_FENCE_SCOPE_BLOCK_ALL_FENCE.als,?,INSTANCE
three_2w_TB_012_SCOPE_DEVICE_FENCE_SCOPE_BLOCK_FENCE_0.als,?,INSTANCE
three_2w_TB_012_SCOPE_DEVICE_FENCE_SCOPE_BLOCK_FENCE_01.als,?,INSTANCE
three_2w_TB_012_SCOPE_DEVICE_FENCE_SCOPE_BLOCK_FENCE_02.als,?,INSTANCE
three_2w_TB_012_SCOPE_DEVICE_FENCE_SCOPE_BLOCK_FENCE_1.als,?,INSTANCE
three_2w_TB_012_SCOPE_DEVICE_FENCE_SCOPE_BLOCK_FENCE_12.als,?,INSTANCE
three_2w_TB_012_SCOPE_DEVICE_FENCE_SCOPE_BLOCK_FENCE_2.als,?,INSTANCE
three_2w_TB_012_SCOPE_DEVICE_FENCE_SCOPE_DEVICE_ALL_FENCE.als,?,INSTANCE
three_2w_TB_012_SCOPE_DEVICE_FENCE_SCOPE_DEVICE_FENCE_0.als,?,INSTANCE
three_2w_TB_012_SCOPE_DEVICE_FENCE_SCOPE_DEVICE_FENCE_01.als,?,INSTANCE
three_2w_TB_012_SCOPE_DEVICE_FENCE_SCOPE_DEVICE_FENCE_02.als,?,INSTANCE
three_2w_TB_012_SCOPE_DEVICE_FENCE_SCOPE_DEVICE_FENCE_1.als,?,INSTANCE
three_2w_TB_012_SCOPE_DEVICE_FENCE_SCOPE_DEVICE_FENCE_12.als,?,INSTANCE
three_2w_TB_012_SCOPE_DEVICE_FENCE_SCOPE_DEVICE_FENCE_2.als,?,INSTANCE
three_2w_TB_012_SCOPE_DEVICE_NO_FENCE_RELAXED.als,?,INSTANCE
three_2w_TB_012_SCOPE_DEVICE_NO_FENCE_RELEASE.als,?,INSTANCE
three_2w_TB_1_02_SCOPE_BLOCK_FENCE_SCOPE_BLOCK_ALL_FENCE.als,?,INSTANCE
three_2w_TB_1_02_SCOPE_BLOCK_FENCE_SCOPE_BLOCK_FENCE_0.als,?,INSTANCE
three_2w_TB_1_02_SCOPE_BLOCK_FENCE_SCOPE_BLOCK_FENCE_01.als,?,INSTANCE
three_2w_TB_1_02_SCOPE_BLOCK_FENCE_SCOPE_BLOCK_FENCE_02.als,?,INSTANCE
three_2w_TB_1_02_SCOPE_BLOCK_FENCE_SCOPE_BLOCK_FENCE_1.als,?,INSTANCE
three_2w_TB_1_02_SCOPE_BLOCK_FENCE_SCOPE_BLOCK_FENCE_12.als,?,INSTANCE
three_2w_TB_1_02_SCOPE_BLOCK_FENCE_SCOPE_BLOCK_FENCE_2.als,?,INSTANCE
three_2w_TB_1_02_SCOPE_BLOCK_FENCE_SCOPE_DEVICE_ALL_FENCE.als,?,INSTANCE
three_2w_TB_1_02_SCOPE_BLOCK_FENCE_SCOPE_DEVICE_FENCE_0.als,?,INSTANCE
three_2w_TB_1_02_SCOPE_BLOCK_FENCE_SCOPE_DEVICE_FENCE_01.als,?,INSTANCE
three_2w_TB_1_02_SCOPE_BLOCK_FENCE_SCOPE_DEVICE_FENCE_02.als,?,INSTANCE
three_2w_TB_1_02_SCOPE_BLOCK_FENCE_SCOPE_DEVICE_FENCE_1.als,?,INSTANCE
three_2w_TB_1_02_SCOPE_BLOCK_FENCE_SCOPE_DEVICE_FENCE_12.als,?,INSTANCE
three_2w_TB_1_02_SCOPE_BLOCK_FENCE_SCOPE_DEVICE_FENCE_2.als,?,INSTANCE
three_2w_TB_1_02_SCOPE_BLOCK_NO_FENCE_RELAXED.als,?,INSTANCE
three_2w_TB_1_02_SCOPE_BLOCK_NO_FENCE_RELEASE.als,?,INSTANCE
three_2w_TB_1_02_SCOPE_DEVICE_FENCE_SCOPE_BLOCK_ALL_FENCE.als,?,INSTANCE
three_2w_TB_1_02_SCOPE_DEVICE_FENCE_SCOPE_BLOCK_FENCE_0.als,?,INSTANCE
three_2w_TB_1_02_SCOPE_DEVICE_FENCE_SCOPE_BLOCK_FENCE_01.als,?,INSTANCE
three_2w_TB_1_02_SCOPE_DEVICE_FENCE_SCOPE_BLOCK_FENCE_02.als,?,INSTANCE
three_2w_TB_1_02_SCOPE_DEVICE_FENCE_SCOPE_BLOCK_FENCE_1.als,?,INSTANCE
three_2w_TB_1_02_SCOPE_DEVICE_FENCE_SCOPE_BLOCK_FENCE_12.als,?,INSTANCE
three_2w_TB_1_02_SCOPE_DEVICE_FENCE_SCOPE_BLOCK_FENCE_2.als,?,INSTANCE
three_2w_TB_1_02_SCOPE_DEVICE_FENCE_SCOPE_DEVICE_ALL_FENCE.als,?,INSTANCE
three_2w_TB_1_02_SCOPE_DEVICE_FENCE_SCOPE_DEVICE_FENCE_0.als,?,INSTANCE
three_2w_TB_1_02_SCOPE_DEVICE_FENCE_SCOPE_DEVICE_FENCE_01.als,?,INSTANCE
three_2w_TB_1_02_SCOPE_DEVICE_FENCE_SCOPE_DEVICE_FENCE_02.als,?,INSTANCE
three_2w_TB_1_02_SCOPE_DEVICE_FENCE_SCOPE_DEVICE_FENCE_1.als,?,INSTANCE
three_2w_TB_1_02_SCOPE_DEVICE_FENCE_SCOPE_DEVICE_FENCE_12.als,?,INSTANCE
three_2w_TB_1_02_SCOPE_DEVICE_FENCE_SCOPE_DEVICE_FENCE_2.als,?,INSTANCE
three_2w_TB_1_02_SCOPE_DEVICE_NO_FENCE_RELAXED.als,?,INSTANCE
three_2w_TB_1_02_SCOPE_DEVICE_NO_FENCE_RELEASE.als,?,INSTANCE
two_2w_TB_0_1_SCOPE_BLOCK_FENCE_SCOPE_BLOCK_BOTH_FENCE.als,?,INSTANCE
two_2w_TB_0_1_SCOPE_BLOCK_FENCE_SCOPE_BLOCK_FENCE_0.als,?,INSTANCE
two_2w_TB_0_1_SCOPE_BLOCK_FENCE_SCOPE_BLOCK_FENCE_1.als,?,INSTANCE
two_2w_TB_0_1_SCOPE_BLOCK_FENCE_SCOPE_DEVICE_BOTH_FENCE.als,?,INSTANCE
two_2w_TB_0_1_SCOPE_BLOCK_FENCE_SCOPE_DEVICE_FENCE_0.als,?,INSTANCE
two_2w_TB_0_1_SCOPE_BLOCK_FENCE_SCOPE_DEVICE_FENCE_1.als,?,INSTANCE
two_2w_TB_0_1_SCOPE_BLOCK_NO_FENCE_RELAXED.als,?,INSTANCE
two_2w_TB_0_1_SCOPE_BLOCK_NO_FENCE_RELEASE.als,?,INSTANCE
two_2w_TB_0_1_SCOPE_DEVICE_FENCE_SCOPE_BLOCK_BOTH_FENCE.als,?,INSTANCE
two_2w_TB_0_1_SCOPE_DEVICE_FENCE_SCOPE_BLOCK_FENCE_0.als,?,INSTANCE
two_2w_TB_0_1_SCOPE_DEVICE_FENCE_SCOPE_BLOCK_FENCE_1.als,?,INSTANCE
two_2w_TB_0_1_SCOPE_DEVICE_FENCE_SCOPE_DEVICE_BOTH_FENCE.als,?,INSTANCE
two_2w_TB_0_1_SCOPE_DEVICE_FENCE_SCOPE_DEVICE_FENCE_0.als,?,INSTANCE
two_2w_TB_0_1_SCOPE_DEVICE_FENCE_SCOPE_DEVICE_FENCE_1.als,?,INSTANCE
two_2w_TB_0_1_SCOPE_DEVICE_NO_FENCE_RELAXED.als,?,INSTANCE
two_2w_TB_0_1_SCOPE_DEVICE_NO_FENCE_RELEASE.als,?,INSTANCE
two_2w_TB_01_SCOPE_BLOCK_FENCE_SCOPE_BLOCK_BOTH_FENCE.als,?,INSTANCE
two_2w_TB_01_SCOPE_BLOCK_FENCE_SCOPE_BLOCK_FENCE_0.als,?,INSTANCE
two_2w_TB_01_SCOPE_BLOCK_FENCE_SCOPE_BLOCK_FENCE_1.als,?,INSTANCE
two_2w_TB_01_SCOPE_BLOCK_FENCE_SCOPE_DEVICE_BOTH_FENCE.als,?,INSTANCE
two_2w_TB_01_SCOPE_BLOCK_FENCE_SCOPE_DEVICE_FENCE_0.als,?,INSTANCE
two_2w_TB_01_SCOPE_BLOCK_FENCE_SCOPE_DEVICE_FENCE_1.als,?,INSTANCE
two_2w_TB_01_SCOPE_BLOCK_NO_FENCE_RELAXED.als,?,INSTANCE
two_2w_TB_01_SCOPE_BLOCK_NO_FENCE_RELEASE.als,?,INSTANCE
two_2w_TB_01_SCOPE_DEVICE_FENCE_SCOPE_BLOCK_BOTH_FENCE.als,?,INSTANCE
two_2w_TB_01_SCOPE_DEVICE_FENCE_SCOPE_BLOCK_FENCE_0.als,?,INSTANCE
two_2w_TB_01_SCOPE_DEVICE_FENCE_SCOPE_BLOCK_FENCE_1.als,?,INSTANCE
two_2w_TB_01_SCOPE_DEVICE_FENCE_SCOPE_DEVICE_BOTH_FENCE.als,?,INSTANCE
two_2w_TB_01_SCOPE_DEVICE_FENCE_SCOPE_DEVICE_FENCE_0.als,?,INSTANCE
two_2w_TB_01_SCOPE_DEVICE_FENCE_SCOPE_DEVICE_FENCE_1.als,?,INSTANCE
two_2w_TB_01_SCOPE_DEVICE_NO_FENCE_RELAXED.als,?,INSTANCE
two_2w_TB_01_SCOPE_DEVICE_NO_FENCE_RELEASE.als,?,INSTANCE
wrc_TB_0_1_2_SCOPE_BLOCK_FENCE_SCOPE_BLOCK_BOTH_FENCE.als,?,INSTANCE
wrc_TB_0_1_2_SCOPE_BLOCK_FENCE_SCOPE_BLOCK_THREAD_1_FENCE.als,?,INSTANCE
wrc_TB_0_1_2_SCOPE_BLOCK_FENCE_SCOPE_BLOCK_THREAD_2_FENCE_ACQ.als,?,INSTANCE
wrc_TB_0_1_2_SCOPE_BLOCK_FENCE_SCOPE_BLOCK_THREAD_2_FENCE_REL.als,?,INSTANCE
wrc_TB_0_1_2_SCOPE_BLOCK_FENCE_SCOPE_DEVICE_BOTH_FENCE.als,?,INSTANCE
wrc_TB_0_1_2_SCOPE_BLOCK_FENCE_SCOPE_DEVICE_THREAD_1_FENCE.als,?,INSTANCE
wrc_TB_0_1_2_SCOPE_BLOCK_FENCE_SCOPE_DEVICE_THREAD_2_FENCE_ACQ.als,?,INSTANCE
wrc_TB_0_1_2_SCOPE_BLOCK_FENCE_SCOPE_DEVICE_THREAD_2_FENCE_REL.als,?,INSTANCE
wrc_TB_0_1_2_SCOPE_BLOCK_NO_FENCE_ACQUIRE.als,?,INSTANCE
wrc_TB_0_1_2_SCOPE_BLOCK_NO_FENCE_RELAXED.als,?,INSTANCE
wrc_TB_0_1_2_SCOPE_BLOCK_NO_FENCE_RELEASE.als,?,INSTANCE
wrc_TB_0_1_2_SCOPE_DEVICE_FENCE_SCOPE_BLOCK_BOTH_FENCE.als,?,INSTANCE
wrc_TB_0_1_2_SCOPE_DEVICE_FENCE_SCOPE_BLOCK_THREAD_1_FENCE.als,?,INSTANCE
wrc_TB_0_1_2_SCOPE_DEVICE_FENCE_SCOPE_BLOCK_THREAD_2_FENCE_ACQ.als,?,INSTANCE
wrc_TB_0_1_2_SCOPE_DEVICE_FENCE_SCOPE_BLOCK_THREAD_2_FENCE_REL.als,?,INSTANCE
wrc_TB_0_1_2_SCOPE_DEVICE_FENCE_SCOPE_DEVICE_BOTH_FENCE.als,?,UNSAT
wrc_TB_0_1_2_SCOPE_DEVICE_FENCE_SCOPE_DEVICE_THREAD_1_FENCE.als,?,UNSAT
wrc_TB_0_1_2_SCOPE_DEVICE_FENCE_SCOPE_DEVICE_THREAD_2_FENCE_ACQ.als,?,INSTANCE
wrc_TB_0_1_2_SCOPE_DEVICE_FENCE_SCOPE_DEVICE_THREAD_2_FENCE_REL.als,?,UNSAT
wrc_TB_0_1_2_SCOPE_DEVICE_NO_FENCE_ACQUIRE.als,?,INSTANCE
wrc_TB_0_1_2_SCOPE_DEVICE_NO_FENCE_RELAXED.als,?,INSTANCE
wrc_TB_0_1_2_SCOPE_DEVICE_NO_FENCE_RELEASE.als,?,UNSAT
wrc_TB_0_12_SCOPE_BLOCK_FENCE_SCOPE_BLOCK_BOTH_FENCE.als,?,INSTANCE
wrc_TB_0_12_SCOPE_BLOCK_FENCE_SCOPE_BLOCK_THREAD_1_FENCE.als,?,INSTANCE
wrc_TB_0_12_SCOPE_BLOCK_FENCE_SCOPE_BLOCK_THREAD_2_FENCE_ACQ.als,?,INSTANCE
wrc_TB_0_12_SCOPE_BLOCK_FENCE_SCOPE_BLOCK_THREAD_2_FENCE_REL.als,?,INSTANCE
wrc_TB_0_12_SCOPE_BLOCK_FENCE_SCOPE_DEVICE_BOTH_FENCE.als,?,INSTANCE
wrc_TB_0_12_SCOPE_BLOCK_FENCE_SCOPE_DEVICE_THREAD_1_FENCE.als,?,INSTANCE
wrc_TB_0_12_SCOPE_BLOCK_FENCE_SCOPE_DEVICE_THREAD_2_FENCE_ACQ.als,?,INSTANCE
wrc_TB_0_12_SCOPE_BLOCK_FENCE_SCOPE_DEVICE_THREAD_2_FENCE_REL.als,?,INSTANCE
wrc_TB_0_12_SCOPE_BLOCK_NO_FENCE_ACQUIRE.als,?,INSTANCE
wrc_TB_0_12_SCOPE_BLOCK_NO_FENCE_RELAXED.als,?,INSTANCE
wrc_TB_0_12_SCOPE_BLOCK_NO_FENCE_RELEASE.als,?,INSTANCE
wrc_TB_0_12_SCOPE_DEVICE_FENCE_SCOPE_BLOCK_BOTH_FENCE.als,?,UNSAT
wrc_TB_0_12_SCOPE_DEVICE_FENCE_SCOPE_BLOCK_THREAD_1_FENCE.als,?,UNSAT
wrc_TB_0_12_SCOPE_DEVICE_FENCE_SCOPE_BLOCK_THREAD_2_FENCE_ACQ.als,?,INSTANCE
wrc_TB_0_12_SCOPE_DEVICE_FENCE_SCOPE_BLOCK_THREAD_2_FENCE_REL.als,?,UNSAT
wrc_TB_0_12_SCOPE_DEVICE_FENCE_SCOPE_DEVICE_BOTH_FENCE.als,?,UNSAT
wrc_TB_0_12_SCOPE_DEVICE_FENCE_SCOPE_DEVICE_THREAD_1_FENCE.als,?,UNSAT
wrc_TB_0_12_SCOPE_DEVICE_FENCE_SCOPE_DEVICE_THREAD_2_FENCE_ACQ.als,?,INSTANCE
wrc_TB_0_12_SCOPE_DEVICE_FENCE_SCOPE_DEVICE_THREAD_2_FENCE_REL.als,?,UNSAT
wrc_TB_0_12_SCOPE_DEVICE_NO_FENCE_ACQUIRE.als,?,INSTANCE
wrc_TB_0_12_SCOPE_DEVICE_NO_FENCE_RELAXED.als,?,INSTANCE
wrc_TB_0_12_SCOPE_DEVICE_NO_FENCE_RELEASE.als,?,UNSAT
wrc_TB_01_2_SCOPE_BLOCK_FENCE_SCOPE_BLOCK_BOTH_FENCE.als,?,INSTANCE
wrc_TB_01_2_SCOPE_BLOCK_FENCE_SCOPE_BLOCK_THREAD_1_FENCE.als,?,INSTANCE
wrc_TB_01_2_SCOPE_BLOCK_FENCE_SCOPE_BLOCK_THREAD_2_FENCE_ACQ.als,?,INSTANCE
wrc_TB_01_2_SCOPE_BLOCK_FENCE_SCOPE_BLOCK_THREAD_2_FENCE_REL.als,?,INSTANCE
wrc_TB_01_2_SCOPE_BLOCK_FENCE_SCOPE_DEVICE_BOTH_FENCE.als,?,INSTANCE
wrc_TB_01_2_SCOPE_BLOCK_FENCE_SCOPE_DEVICE_THREAD_1_FENCE.als,?,INSTANCE
wrc_TB_01_2_SCOPE_BLOCK_FENCE_SCOPE_DEVICE_THREAD_2_FENCE_ACQ.als,?,INSTANCE
wrc_TB_01_2_SCOPE_BLOCK_FENCE_SCOPE_DEVICE_THREAD_2_FENCE_REL.als,?,INSTANCE
wrc_TB_01_2_SCOPE_BLOCK_NO_FENCE_ACQUIRE.als,?,INSTANCE
wrc_TB_01_2_SCOPE_BLOCK_NO_FENCE_RELAXED.als,?,INSTANCE
wrc_TB_01_2_SCOPE_BLOCK_NO_FENCE_RELEASE.als,?,INSTANCE
wrc_TB_01_2_SCOPE_DEVICE_FENCE_SCOPE_BLOCK_BOTH_FENCE.als,?,INSTANCE
wrc_TB_01_2_SCOPE_DEVICE_FENCE_SCOPE_BLOCK_THREAD_1_FENCE.als,?,INSTANCE
wrc_TB_01_2_SCOPE_DEVICE_FENCE_SCOPE_BLOCK_THREAD_2_FENCE_ACQ.als,?,INSTANCE
wrc_TB_01_2_SCOPE_DEVICE_FENCE_SCOPE_BLOCK_THREAD_2_FENCE_REL.als,?,INSTANCE
wrc_TB_01_2_SCOPE_DEVICE_FENCE_SCOPE_DEVICE_BOTH_FENCE.als,?,UNSAT
wrc_TB_01_2_SCOPE_DEVICE_FENCE_SCOPE_DEVICE_THREAD_1_FENCE.als,?,UNSAT
wrc_TB_01_2_SCOPE_DEVICE_FENCE_SCOPE_DEVICE_THREAD_2_FENCE_ACQ.als,?,INSTANCE
wrc_TB_01_2_SCOPE_DEVICE_FENCE_SCOPE_DEVICE_THREAD_2_FENCE_REL.als,?,UNSAT
wrc_TB_01_2_SCOPE_DEVICE_NO_FENCE_ACQUIRE.als,?,INSTANCE
wrc_TB_01_2_SCOPE_DEVICE_NO_FENCE_RELAXED.als,?,INSTANCE
wrc_TB_01_2_SCOPE_DEVICE_NO_FENCE_RELEASE.als,?,UNSAT
wrc_TB_012_SCOPE_BLOCK_FENCE_SCOPE_BLOCK_BOTH_FENCE.als,?,UNSAT
wrc_TB_012_SCOPE_BLOCK_FENCE_SCOPE_BLOCK_THREAD_1_FENCE.als,?,UNSAT
wrc_TB_012_SCOPE_BLOCK_FENCE_SCOPE_BLOCK_THREAD_2_FENCE_ACQ.als,?,INSTANCE
wrc_TB_012_SCOPE_BLOCK_FENCE_SCOPE_BLOCK_THREAD_2_FENCE_REL.als,?,UNSAT
wrc_TB_012_SCOPE_BLOCK_FENCE_SCOPE_DEVICE_BOTH_FENCE.als,?,UNSAT
wrc_TB_012_SCOPE_BLOCK_FENCE_SCOPE_DEVICE_THREAD_1_FENCE.als,?,UNSAT
wrc_TB_012_SCOPE_BLOCK_FENCE_SCOPE_DEVICE_THREAD_2_FENCE_ACQ.als,?,INSTANCE
wrc_TB_012_SCOPE_BLOCK_FENCE_SCOPE_DEVICE_THREAD_2_FENCE_REL.als,?,UNSAT
wrc_TB_012_SCOPE_BLOCK_NO_FENCE_ACQUIRE.als,?,INSTANCE
wrc_TB_012_SCOPE_BLOCK_NO_FENCE_RELAXED.als,?,INSTANCE
wrc_TB_012_SCOPE_BLOCK_NO_FENCE_RELEASE.als,?,UNSAT
wrc_TB_012_SCOPE_DEVICE_FENCE_SCOPE_BLOCK_BOTH_FENCE.als,?,UNSAT
wrc_TB_012_SCOPE_DEVICE_FENCE_SCOPE_BLOCK_THREAD_1_FENCE.als,?,UNSAT
wrc_TB_012_SCOPE_DEVICE_FENCE_SCOPE_BLOCK_THREAD_2_FENCE_ACQ.als,?,INSTANCE
wrc_TB_012_SCOPE_DEVICE_FENCE_SCOPE_BLOCK_THREAD_2_FENCE_REL.als,?,UNSAT
wrc_TB_012_SCOPE_DEVICE_FENCE_SCOPE_DEVICE_BOTH_FENCE.als,?,UNSAT
wrc_TB_012_SCOPE_DEVICE_FENCE_SCOPE_DEVICE_THREAD_1_FENCE.als,?,UNSAT
wrc_TB_012_SCOPE_DEVICE_FENCE_SCOPE_DEVICE_THREAD_2_FENCE_ACQ.als,?,INSTANCE
wrc_TB_012_SCOPE_DEVICE_FENCE_SCOPE_DEVICE_THREAD_2_FENCE_REL.als,?,UNSAT
wrc_TB_012_SCOPE_DEVICE_NO_FENCE_ACQUIRE.als,?,INSTANCE
wrc_TB_012_SCOPE_DEVICE_NO_FENCE_RELAXED.als,?,INSTANCE
wrc_TB_012_SCOPE_DEVICE_NO_FENCE_RELEASE.als,?,UNSAT
wrc_TB_1_02_SCOPE_BLOCK_FENCE_SCOPE_BLOCK_BOTH_FENCE.als,?,INSTANCE
wrc_TB_1_02_SCOPE_BLOCK_FENCE_SCOPE_BLOCK_THREAD_1_FENCE.als,?,INSTANCE
wrc_TB_1_02_SCOPE_BLOCK_FENCE_SCOPE_BLOCK_THREAD_2_FENCE_ACQ.als,?,INSTANCE
wrc_TB_1_02_SCOPE_BLOCK_FENCE_SCOPE_BLOCK_THREAD_2_FENCE_REL.als,?,INSTANCE
wrc_TB_1_02_SCOPE_BLOCK_FENCE_SCOPE_DEVICE_BOTH_FENCE.als,?,INSTANCE
wrc_TB_1_02_SCOPE_BLOCK_FENCE_SCOPE_DEVICE_THREAD_1_FENCE.als,?,INSTANCE
wrc_TB_1_02_SCOPE_BLOCK_FENCE_SCOPE_DEVICE_THREAD_2_FENCE_ACQ.als,?,INSTANCE
wrc_TB_1_02_SCOPE_BLOCK_FENCE_SCOPE_DEVICE_THREAD_2_FENCE_REL.als,?,INSTANCE
wrc_TB_1_02_SCOPE_BLOCK_NO_FENCE_ACQUIRE.als,?,INSTANCE
wrc_TB_1_02_SCOPE_BLOCK_NO_FENCE_RELAXED.als,?,INSTANCE
wrc_TB_1_02_SCOPE_BLOCK_NO_FENCE_RELEASE.als,?,INSTANCE
wrc_TB_1_02_SCOPE_DEVICE_FENCE_SCOPE_BLOCK_BOTH_FENCE.als,?,INSTANCE
wrc_TB_1_02_SCOPE_DEVICE_FENCE_SCOPE_BLOCK_THREAD_1_FENCE.als,?,INSTANCE
wrc_TB_1_02_SCOPE_DEVICE_FENCE_SCOPE_BLOCK_THREAD_2_FENCE_ACQ.als,?,INSTANCE
wrc_TB_1_02_SCOPE_DEVICE_FENCE_SCOPE_BLOCK_THREAD_2_FENCE_REL.als,?,INSTANCE
wrc_TB_1_02_SCOPE_DEVICE_FENCE_SCOPE_DEVICE_BOTH_FENCE.als,?,UNSAT
wrc_TB_1_02_SCOPE_DEVICE_FENCE_SCOPE_DEVICE_THREAD_1_FENCE.als,?,UNSAT
wrc_TB_1_02_SCOPE_DEVICE_FENCE_SCOPE_DEVICE_THREAD_2_FENCE_ACQ.als,?,INSTANCE
wrc_TB_1_02_SCOPE_DEVICE_FENCE_SCOPE_DEVICE_THREAD_2_FENCE_REL.als,?,UNSAT
wrc_TB_1_02_SCOPE_DEVICE_NO_FENCE_ACQUIRE.als,?,INSTANCE
wrc_TB_1_02_SCOPE_DEVICE_NO_FENCE_RELAXED.als,?,INSTANCE
wrc_TB_1_02_SCOPE_DEVICE_NO_FENCE_RELEASE.als,?,UNSAT
wrw_2w_TB_0_1_2_SCOPE_BLOCK_FENCE_SCOPE_BLOCK_BOTH_FENCE.als,?,INSTANCE
wrw_2w_TB_0_1_2_SCOPE_BLOCK_FENCE_SCOPE_BLOCK_THREAD_1_FENCE.als,?,INSTANCE
wrw_2w_TB_0_1_2_SCOPE_BLOCK_FENCE_SCOPE_BLOCK_THREAD_2_FENCE_ACQ.als,?,INSTANCE
wrw_2w_TB_0_1_2_SCOPE_BLOCK_FENCE_SCOPE_BLOCK_THREAD_2_FENCE_REL.als,?,INSTANCE
wrw_2w_TB_0_1_2_SCOPE_BLOCK_FENCE_SCOPE_DEVICE_BOTH_FENCE.als,?,INSTANCE
wrw_2w_TB_0_1_2_SCOPE_BLOCK_FENCE_SCOPE_DEVICE_THREAD_1_FENCE.als,?,INSTANCE
wrw_2w_TB_0_1_2_SCOPE_BLOCK_FENCE_SCOPE_DEVICE_THREAD_2_FENCE_ACQ.als,?,INSTANCE
wrw_2w_TB_0_1_2_SCOPE_BLOCK_FENCE_SCOPE_DEVICE_THREAD_2_FENCE_REL.als,?,INSTANCE
wrw_2w_TB_0_1_2_SCOPE_BLOCK_NO_FENCE_ACQUIRE.als,?,INSTANCE
wrw_2w_TB_0_1_2_SCOPE_BLOCK_NO_FENCE_RELAXED.als,?,INSTANCE
wrw_2w_TB_0_1_2_SCOPE_BLOCK_NO_FENCE_RELEASE.als,?,INSTANCE
wrw_2w_TB_0_1_2_SCOPE_DEVICE_FENCE_SCOPE_BLOCK_BOTH_FENCE.als,?,INSTANCE
wrw_2w_TB_0_1_2_SCOPE_DEVICE_FENCE_SCOPE_BLOCK_THREAD_1_FENCE.als,?,INSTANCE
wrw_2w_TB_0_1_2_SCOPE_DEVICE_FENCE_SCOPE_BLOCK_THREAD_2_FENCE_ACQ.als,?,INSTANCE
wrw_2w_TB_0_1_2_SCOPE_DEVICE_FENCE_SCOPE_BLOCK_THREAD_2_FENCE_REL.als,?,INSTANCE
wrw_2w_TB_0_1_2_SCOPE_DEVICE_FENCE_SCOPE_DEVICE_BOTH_FENCE.als,?,INSTANCE
wrw_2w_TB_0_1_2_SCOPE_DEVICE_FENCE_SCOPE_DEVICE_THREAD_1_FENCE.als,?,INSTANCE
wrw_2w_TB_0_1_2_SCOPE_DEVICE_FENCE_SCOPE_DEVICE_THREAD_2_FENCE_ACQ.als,?,INSTANCE
wrw_2w_TB_0_1_2_SCOPE_DEVICE_FENCE_SCOPE_DEVICE_THREAD_2_FENCE_REL.als,?,INSTANCE
wrw_2w_TB_0_1_2_SCOPE_DEVICE_NO_FENCE_ACQUIRE.als,?,INSTANCE
wrw_2w_TB_0_1_2_SCOPE_DEVICE_NO_FENCE_RELAXED.als,?,INSTANCE
wrw_2w_TB_0_1_2_SCOPE_DEVICE_NO_FENCE_RELEASE.als,?,INSTANCE
wrw_2w_TB_0_12_SCOPE_BLOCK_FENCE_SCOPE_BLOCK_BOTH_FENCE.als,?,INSTANCE
wrw_2w_TB_0_12_SCOPE_BLOCK_FENCE_SCOPE_BLOCK_THREAD_1_FENCE.als,?,INSTANCE
wrw_2w_TB_0_12_SCOPE_BLOCK_FENCE_SCOPE_BLOCK_THREAD_2_FENCE_ACQ.als,?,INSTANCE
wrw_2w_TB_0_12_SCOPE_BLOCK_FENCE_SCOPE_BLOCK_THREAD_2_FENCE_REL.als,?,INSTANCE
wrw_2w_TB_0_12_SCOPE_BLOCK_FENCE_SCOPE_DEVICE_BOTH_FENCE.als,?,INSTANCE
wrw_2w_TB_0_12_SCOPE_BLOCK_FENCE_SCOPE_DEVICE_THREAD_1_FENCE.als,?,INSTANCE
wrw_2w_TB_0_12_SCOPE_BLOCK_FENCE_SCOPE_DEVICE_THREAD_2_FENCE_ACQ.als,?,INSTANCE
wrw_2w_TB_0_12_SCOPE_BLOCK_FENCE_SCOPE_DEVICE_THREAD_2_FENCE_REL.als,?,INSTANCE
wrw_2w_TB_0_12_SCOPE_BLOCK_NO_FENCE_ACQUIRE.als,?,INSTANCE
wrw_2w_TB_0_12_SCOPE_BLOCK_NO_FENCE_RELAXED.als,?,INSTANCE
wrw_2w_TB_0_12_SCOPE_BLOCK_NO_FENCE_RELEASE.als,?,INSTANCE
wrw_2w_TB_0_12_SCOPE_DEVICE_FENCE_SCOPE_BLOCK_BOTH_FENCE.als,?,INSTANCE
wrw_2w_TB_0_12_SCOPE_DEVICE_FENCE_SCOPE_BLOCK_THREAD_1_FENCE.als,?,INSTANCE
wrw_2w_TB_0_12_SCOPE_DEVICE_FENCE_SCOPE_BLOCK_THREAD_2_FENCE_ACQ.als,?,INSTANCE
wrw_2w_TB_0_12_SCOPE_DEVICE_FENCE_SCOPE_BLOCK_THREAD_2_FENCE_REL.als,?,INSTANCE
wrw_2w_TB_0_12_SCOPE_DEVICE_FENCE_SCOPE_DEVICE_BOTH_FENCE.als,?,INSTANCE
wrw_2w_TB_0_12_SCOPE_DEVICE_FENCE_SCOPE_DEVICE_THREAD_1_FENCE.als,?,INSTANCE
wrw_2w_TB_0_12_SCOPE_DEVICE_FENCE_SCOPE_DEVICE_THREAD_2_FENCE_ACQ.als,?,INSTANCE
wrw_2w_TB_0_12_SCOPE_DEVICE_FENCE_SCOPE_DEVICE_THREAD_2_FENCE_REL.als,?,INSTANCE
wrw_2w_TB_0_12_SCOPE_DEVICE_NO_FENCE_ACQUIRE.als,?,INSTANCE
wrw_2w_TB_0_12_SCOPE_DEVICE_NO_FENCE_RELAXED.als,?,INSTANCE
wrw_2w_TB_0_12_SCOPE_DEVICE_NO_FENCE_RELEASE.als,?,INSTANCE
wrw_2w_TB_01_2_SCOPE_BLOCK_FENCE_SCOPE_BLOCK_BOTH_FENCE.als,?,INSTANCE
wrw_2w_TB_01_2_SCOPE_BLOCK_FENCE_SCOPE_BLOCK_THREAD_1_FENCE.als,?,INSTANCE
wrw_2w_TB_01_2_SCOPE_BLOCK_FENCE_SCOPE_BLOCK_THREAD_2_FENCE_ACQ.als,?,INSTANCE
wrw_2w_TB_01_2_SCOPE_BLOCK_FENCE_SCOPE_BLOCK_THREAD_2_FENCE_REL.als,?,INSTANCE
wrw_2w_TB_01_2_SCOPE_BLOCK_FENCE_SCOPE_DEVICE_BOTH_FENCE.als,?,INSTANCE
wrw_2w_TB_01_2_SCOPE_BLOCK_FENCE_SCOPE_DEVICE_THREAD_1_FENCE.als,?,INSTANCE
wrw_2w_TB_01_2_SCOPE_BLOCK_FENCE_SCOPE_DEVICE_THREAD_2_FENCE_ACQ.als,?,INSTANCE
wrw_2w_TB_01_2_SCOPE_BLOCK_FENCE_SCOPE_DEVICE_THREAD_2_FENCE_REL.als,?,INSTANCE
wrw_2w_TB_01_2_SCOPE_BLOCK_NO_FENCE_ACQUIRE.als,?,INSTANCE
wrw_2w_TB_01_2_SCOPE_BLOCK_NO_FENCE_RELAXED.als,?,INSTANCE
wrw_2w_TB_01_2_SCOPE_BLOCK_NO_FENCE_RELEASE.als,?,INSTANCE
wrw_2w_TB_01_2_SCOPE_DEVICE_FENCE_SCOPE_BLOCK_BOTH_FENCE.als,?,INSTANCE
wrw_2w_TB_01_2_SCOPE_DEVICE_FENCE_SCOPE_BLOCK_THREAD_1_FENCE.als,?,INSTANCE
wrw_2w_TB_01_2_SCOPE_DEVICE_FENCE_SCOPE_BLOCK_THREAD_2_FENCE_ACQ.als,?,INSTANCE
wrw_2w_TB_01_2_SCOPE_DEVICE_FENCE_SCOPE_BLOCK_THREAD_2_FENCE_REL.als,?,INSTANCE
wrw_2w_TB_01_2_SCOPE_DEVICE_FENCE_SCOPE_DEVICE_BOTH_FENCE.als,?,INSTANCE
wrw_2w_TB_01_2_SCOPE_DEVICE_FENCE_SCOPE_DEVICE_THREAD_1_FENCE.als,?,INSTANCE
wrw_2w_TB_01_2_SCOPE_DEVICE_FENCE_SCOPE_DEVICE_THREAD_2_FENCE_ACQ.als,?,INSTANCE
wrw_2w_TB_01_2_SCOPE_DEVICE_FENCE_SCOPE_DEVICE_THREAD_2_FENCE_REL.als,?,INSTANCE
wrw_2w_TB_01_2_SCOPE_DEVICE_NO_FENCE_ACQUIRE.als,?,INSTANCE
wrw_2w_TB_01_2_SCOPE_DEVICE_NO_FENCE_RELAXED.als,?,INSTANCE
wrw_2w_TB_01_2_SCOPE_DEVICE_NO_FENCE_RELEASE.als,?,INSTANCE
wrw_2w_TB_012_SCOPE_BLOCK_FENCE_SCOPE_BLOCK_BOTH_FENCE.als,?,INSTANCE
wrw_2w_TB_012_SCOPE_BLOCK_FENCE_SCOPE_BLOCK_THREAD_1_FENCE.als,?,INSTANCE
wrw_2w_TB_012_SCOPE_BLOCK_FENCE_SCOPE_BLOCK_THREAD_2_FENCE_ACQ.als,?,INSTANCE
wrw_2w_TB_012_SCOPE_BLOCK_FENCE_SCOPE_BLOCK_THREAD_2_FENCE_REL.als,?,INSTANCE
wrw_2w_TB_012_SCOPE_BLOCK_FENCE_SCOPE_DEVICE_BOTH_FENCE.als,?,INSTANCE
wrw_2w_TB_012_SCOPE_BLOCK_FENCE_SCOPE_DEVICE_THREAD_1_FENCE.als,?,INSTANCE
wrw_2w_TB_012_SCOPE_BLOCK_FENCE_SCOPE_DEVICE_THREAD_2_FENCE_ACQ.als,?,INSTANCE
wrw_2w_TB_012_SCOPE_BLOCK_FENCE_SCOPE_DEVICE_THREAD_2_FENCE_REL.als,?,INSTANCE
wrw_2w_TB_012_SCOPE_BLOCK_NO_FENCE_ACQUIRE.als,?,INSTANCE
wrw_2w_TB_012_SCOPE_BLOCK_NO_FENCE_RELAXED.als,?,INSTANCE
wrw_2w_TB_012_SCOPE_BLOCK_NO_FENCE_RELEASE.als,?,INSTANCE
wrw_2w_TB_012_SCOPE_DEVICE_FENCE_SCOPE_BLOCK_BOTH_FENCE.als,?,INSTANCE
wrw_2w_TB_012_SCOPE_DEVICE_FENCE_SCOPE_BLOCK_THREAD_1_FENCE.als,?,INSTANCE
wrw_2w_TB_012_SCOPE_DEVICE_FENCE_SCOPE_BLOCK_THREAD_2_FENCE_ACQ.als,?,INSTANCE
wrw_2w_TB_012_SCOPE_DEVICE_FENCE_SCOPE_BLOCK_THREAD_2_FENCE_REL.als,?,INSTANCE
wrw_2w_TB_012_SCOPE_DEVICE_FENCE_SCOPE_DEVICE_BOTH_FENCE.als,?,INSTANCE
wrw_2w_TB_012_SCOPE_DEVICE_FENCE_SCOPE_DEVICE_THREAD_1_FENCE.als,?,INSTANCE
wrw_2w_TB_012_SCOPE_DEVICE_FENCE_SCOPE_DEVICE_THREAD_2_FENCE_ACQ.als,?,INSTANCE
wrw_2w_TB_012_SCOPE_DEVICE_FENCE_SCOPE_DEVICE_THREAD_2_FENCE_REL.als,?,INSTANCE
wrw_2w_TB_012_SCOPE_DEVICE_NO_FENCE_ACQUIRE.als,?,INSTANCE
wrw_2w_TB_012_SCOPE_DEVICE_NO_FENCE_RELAXED.als,?,INSTANCE
wrw_2w_TB_012_SCOPE_DEVICE_NO_FENCE_RELEASE.als,?,INSTANCE
wrw_2w_TB_1_02_SCOPE_BLOCK_FENCE_SCOPE_BLOCK_BOTH_FENCE.als,?,INSTANCE
wrw_2w_TB_1_02_SCOPE_BLOCK_FENCE_SCOPE_BLOCK_THREAD_1_FENCE.als,?,INSTANCE
wrw_2w_TB_1_02_SCOPE_BLOCK_FENCE_SCOPE_BLOCK_THREAD_2_FENCE_ACQ.als,?,INSTANCE
wrw_2w_TB_1_02_SCOPE_BLOCK_FENCE_SCOPE_BLOCK_THREAD_2_FENCE_REL.als,?,INSTANCE
wrw_2w_TB_1_02_SCOPE_BLOCK_FENCE_SCOPE_DEVICE_BOTH_FENCE.als,?,INSTANCE
wrw_2w_TB_1_02_SCOPE_BLOCK_FENCE_SCOPE_DEVICE_THREAD_1_FENCE.als,?,INSTANCE
wrw_2w_TB_1_02_SCOPE_BLOCK_FENCE_SCOPE_DEVICE_THREAD_2_FENCE_ACQ.als,?,INSTANCE
wrw_2w_TB_1_02_SCOPE_BLOCK_FENCE_SCOPE_DEVICE_THREAD_2_FENCE_REL.als,?,INSTANCE
wrw_2w_TB_1_02_SCOPE_BLOCK_NO_FENCE_ACQUIRE.als,?,INSTANCE
wrw_2w_TB_1_02_SCOPE_BLOCK_NO_FENCE_RELAXED.als,?,INSTANCE
wrw_2w_TB_1_02_SCOPE_BLOCK_NO_FENCE_RELEASE.als,?,INSTANCE
wrw_2w_TB_1_02_SCOPE_DEVICE_FENCE_SCOPE_BLOCK_BOTH_FENCE.als,?,INSTANCE
wrw_2w_TB_1_02_SCOPE_DEVICE_FENCE_SCOPE_BLOCK_THREAD_1_FENCE.als,?,INSTANCE
wrw_2w_TB_1_02_SCOPE_DEVICE_FENCE_SCOPE_BLOCK_THREAD_2_FENCE_ACQ.als,?,INSTANCE
wrw_2w_TB_1_02_SCOPE_DEVICE_FENCE_SCOPE_BLOCK_THREAD_2_FENCE_REL.als,?,INSTANCE
wrw_2w_TB_1_02_SCOPE_DEVICE_FENCE_SCOPE_DEVICE_BOTH_FENCE.als,?,INSTANCE
wrw_2w_TB_1_02_SCOPE_DEVICE_FENCE_SCOPE_DEVICE_THREAD_1_FENCE.als,?,INSTANCE
wrw_2w_TB_1_02_SCOPE_DEVICE_FENCE_SCOPE_DEVICE_THREAD_2_FENCE_ACQ.als,?,INSTANCE
wrw_2w_TB_1_02_SCOPE_DEVICE_FENCE_SCOPE_DEVICE_THREAD_2_FENCE_REL.als,?,INSTANCE
wrw_2w_TB_1_02_SCOPE_DEVICE_NO_FENCE_ACQUIRE.als,?,INSTANCE
wrw_2w_TB_1_02_SCOPE_DEVICE_NO_FENCE_RELAXED.als,?,INSTANCE
wrw_2w_TB_1_02_SCOPE_DEVICE_NO_FENCE_RELEASE.als,?,INSTANCE
wwc_TB_0_1_2_SCOPE_BLOCK_FENCE_SCOPE_BLOCK_BOTH_FENCE.als,?,INSTANCE
wwc_TB_0_1_2_SCOPE_BLOCK_FENCE_SCOPE_BLOCK_THREAD_1_FENCE_ACQ.als,?,INSTANCE
wwc_TB_0_1_2_SCOPE_BLOCK_FENCE_SCOPE_BLOCK_THREAD_1_FENCE_REL.als,?,INSTANCE
wwc_TB_0_1_2_SCOPE_BLOCK_FENCE_SCOPE_BLOCK_THREAD_2_FENCE_ACQ.als,?,INSTANCE
wwc_TB_0_1_2_SCOPE_BLOCK_FENCE_SCOPE_BLOCK_THREAD_2_FENCE_REL.als,?,INSTANCE
wwc_TB_0_1_2_SCOPE_BLOCK_FENCE_SCOPE_DEVICE_BOTH_FENCE.als,?,INSTANCE
wwc_TB_0_1_2_SCOPE_BLOCK_FENCE_SCOPE_DEVICE_THREAD_1_FENCE_ACQ.als,?,INSTANCE
wwc_TB_0_1_2_SCOPE_BLOCK_FENCE_SCOPE_DEVICE_THREAD_1_FENCE_REL.als,?,INSTANCE
wwc_TB_0_1_2_SCOPE_BLOCK_FENCE_SCOPE_DEVICE_THREAD_2_FENCE_ACQ.als,?,INSTANCE
wwc_TB_0_1_2_SCOPE_BLOCK_FENCE_SCOPE_DEVICE_THREAD_2_FENCE_REL.als,?,INSTANCE
wwc_TB_0_1_2_SCOPE_BLOCK_NO_FENCE_ACQ_ACQ.als,?,INSTANCE
wwc_TB_0_1_2_SCOPE_BLOCK_NO_FENCE_ACQ_REL.als,?,INSTANCE
wwc_TB_0_1_2_SCOPE_BLOCK_NO_FENCE_REL_ACQ.als,?,INSTANCE
wwc_TB_0_1_2_SCOPE_BLOCK_NO_FENCE_REL_REL.als,?,INSTANCE
wwc_TB_0_1_2_SCOPE_BLOCK_NO_FENCE_RELAXED.als,?,INSTANCE
wwc_TB_0_1_2_SCOPE_DEVICE_FENCE_SCOPE_BLOCK_BOTH_FENCE.als,?,INSTANCE
wwc_TB_0_1_2_SCOPE_DEVICE_FENCE_SCOPE_BLOCK_THREAD_1_FENCE_ACQ.als,?,INSTANCE
wwc_TB_0_1_2_SCOPE_DEVICE_FENCE_SCOPE_BLOCK_THREAD_1_FENCE_REL.als,?,INSTANCE
wwc_TB_0_1_2_SCOPE_DEVICE_FENCE_SCOPE_BLOCK_THREAD_2_FENCE_ACQ.als,?,INSTANCE
wwc_TB_0_1_2_SCOPE_DEVICE_FENCE_SCOPE_BLOCK_THREAD_2_FENCE_REL.als,?,INSTANCE
wwc_TB_0_1_2_SCOPE_DEVICE_FENCE_SCOPE_DEVICE_BOTH_FENCE.als,?,UNSAT
wwc_TB_0_1_2_SCOPE_DEVICE_FENCE_SCOPE_DEVICE_THREAD_1_FENCE_ACQ.als,?,UNSAT
wwc_TB_0_1_2_SCOPE_DEVICE_FENCE_SCOPE_DEVICE_THREAD_1_FENCE_REL.als,?,INSTANCE
wwc_TB_0_1_2_SCOPE_DEVICE_FENCE_SCOPE_DEVICE_THREAD_2_FENCE_ACQ.als,?,INSTANCE
wwc_TB_0_1_2_SCOPE_DEVICE_FENCE_SCOPE_DEVICE_THREAD_2_FENCE_REL.als,?,UNSAT
wwc_TB_0_1_2_SCOPE_DEVICE_NO_FENCE_ACQ_ACQ.als,?,INSTANCE
wwc_TB_0_1_2_SCOPE_DEVICE_NO_FENCE_ACQ_REL.als,?,INSTANCE
wwc_TB_0_1_2_SCOPE_DEVICE_NO_FENCE_REL_ACQ.als,?,UNSAT
wwc_TB_0_1_2_SCOPE_DEVICE_NO_FENCE_REL_REL.als,?,INSTANCE
wwc_TB_0_1_2_SCOPE_DEVICE_NO_FENCE_RELAXED.als,?,INSTANCE
wwc_TB_0_12_SCOPE_BLOCK_FENCE_SCOPE_BLOCK_BOTH_FENCE.als,?,INSTANCE
wwc_TB_0_12_SCOPE_BLOCK_FENCE_SCOPE_BLOCK_THREAD_1_FENCE_ACQ.als,?,INSTANCE
wwc_TB_0_12_SCOPE_BLOCK_FENCE_SCOPE_BLOCK_THREAD_1_FENCE_REL.als,?,INSTANCE
wwc_TB_0_12_SCOPE_BLOCK_FENCE_SCOPE_BLOCK_THREAD_2_FENCE_ACQ.als,?,INSTANCE
wwc_TB_0_12_SCOPE_BLOCK_FENCE_SCOPE_BLOCK_THREAD_2_FENCE_REL.als,?,INSTANCE
wwc_TB_0_12_SCOPE_BLOCK_FENCE_SCOPE_DEVICE_BOTH_FENCE.als,?,INSTANCE
wwc_TB_0_12_SCOPE_BLOCK_FENCE_SCOPE_DEVICE_THREAD_1_FENCE_ACQ.als,?,INSTANCE
wwc_TB_0_12_SCOPE_BLOCK_FENCE_SCOPE_DEVICE_THREAD_1_FENCE_REL.als,?,INSTANCE
wwc_TB_0_12_SCOPE_BLOCK_FENCE_SCOPE_DEVICE_THREAD_2_FENCE_ACQ.als,?,INSTANCE
wwc_TB_0_12_SCOPE_BLOCK_FENCE_SCOPE_DEVICE_THREAD_2_FENCE_REL.als,?,INSTANCE
wwc_TB_0_12_SCOPE_BLOCK_NO_FENCE_ACQ_ACQ.als,?,INSTANCE
wwc_TB_0_12_SCOPE_BLOCK_NO_FENCE_ACQ_REL.als,?,INSTANCE
wwc_TB_0_12_SCOPE_BLOCK_NO_FENCE_REL_ACQ.als,?,INSTANCE
wwc_TB_0_12_SCOPE_BLOCK_NO_FENCE_REL_REL.als,?,INSTANCE
wwc_TB_0_12_SCOPE_BLOCK_NO_FENCE_RELAXED.als,?,INSTANCE
wwc_TB_0_12_SCOPE_DEVICE_FENCE_SCOPE_BLOCK_BOTH_FENCE.als,?,UNSAT
wwc_TB_0_12_SCOPE_DEVICE_FENCE_SCOPE_BLOCK_THREAD_1_FENCE_ACQ.als,?,UNSAT
wwc_TB_0_12_SCOPE_DEVICE_FENCE_SCOPE_BLOCK_THREAD_1_FENCE_REL.als,?,INSTANCE
wwc_TB_0_12_SCOPE_DEVICE_FENCE_SCOPE_BLOCK_THREAD_2_FENCE_ACQ.als,?,INSTANCE
wwc_TB_0_12_SCOPE_DEVICE_FENCE_SCOPE_BLOCK_THREAD_2_FENCE_REL.als,?,UNSAT
wwc_TB_0_12_SCOPE_DEVICE_FENCE_SCOPE_DEVICE_BOTH_FENCE.als,?,UNSAT
wwc_TB_0_12_SCOPE_DEVICE_FENCE_SCOPE_DEVICE_THREAD_1_FENCE_ACQ.als,?,UNSAT
wwc_TB_0_12_SCOPE_DEVICE_FENCE_SCOPE_DEVICE_THREAD_1_FENCE_REL.als,?,INSTANCE
wwc_TB_0_12_SCOPE_DEVICE_FENCE_SCOPE_DEVICE_THREAD_2_FENCE_ACQ.als,?,INSTANCE
wwc_TB_0_12_SCOPE_DEVICE_FENCE_SCOPE_DEVICE_THREAD_2_FENCE_REL.als,?,UNSAT
wwc_TB_0_12_SCOPE_DEVICE_NO_FENCE_ACQ_ACQ.als,?,INSTANCE
wwc_TB_0_12_SCOPE_DEVICE_NO_FENCE_ACQ_REL.als,?,INSTANCE
wwc_TB_0_12_SCOPE_DEVICE_NO_FENCE_REL_ACQ.als,?,UNSAT
wwc_TB_0_12_SCOPE_DEVICE_NO_FENCE_REL_REL.als,?,INSTANCE
wwc_TB_0_12_SCOPE_DEVICE_NO_FENCE_RELAXED.als,?,INSTANCE
wwc_TB_01_2_SCOPE_BLOCK_FENCE_SCOPE_BLOCK_BOTH_FENCE.als,?,INSTANCE
wwc_TB_01_2_SCOPE_BLOCK_FENCE_SCOPE_BLOCK_THREAD_1_FENCE_ACQ.als,?,INSTANCE
wwc_TB_01_2_SCOPE_BLOCK_FENCE_SCOPE_BLOCK_THREAD_1_FENCE_REL.als,?,INSTANCE
wwc_TB_01_2_SCOPE_BLOCK_FENCE_SCOPE_BLOCK_THREAD_2_FENCE_ACQ.als,?,INSTANCE
wwc_TB_01_2_SCOPE_BLOCK_FENCE_SCOPE_BLOCK_THREAD_2_FENCE_REL.als,?,INSTANCE
wwc_TB_01_2_SCOPE_BLOCK_FENCE_SCOPE_DEVICE_BOTH_FENCE.als,?,INSTANCE
wwc_TB_01_2_SCOPE_BLOCK_FENCE_SCOPE_DEVICE_THREAD_1_FENCE_ACQ.als,?,INSTANCE
wwc_TB_01_2_SCOPE_BLOCK_FENCE_SCOPE_DEVICE_THREAD_1_FENCE_REL.als,?,INSTANCE
wwc_TB_01_2_SCOPE_BLOCK_FENCE_SCOPE_DEVICE_THREAD_2_FENCE_ACQ.als,?,INSTANCE
wwc_TB_01_2_SCOPE_BLOCK_FENCE_SCOPE_DEVICE_THREAD_2_FENCE_REL.als,?,INSTANCE
wwc_TB_01_2_SCOPE_BLOCK_NO_FENCE_ACQ_ACQ.als,?,INSTANCE
wwc_TB_01_2_SCOPE_BLOCK_NO_FENCE_ACQ_REL.als,?,INSTANCE
wwc_TB_01_2_SCOPE_BLOCK_NO_FENCE_REL_ACQ.als,?,INSTANCE
wwc_TB_01_2_SCOPE_BLOCK_NO_FENCE_REL_REL.als,?,INSTANCE
wwc_TB_01_2_SCOPE_BLOCK_NO_FENCE_RELAXED.als,?,INSTANCE
wwc_TB_01_2_SCOPE_DEVICE_FENCE_SCOPE_BLOCK_BOTH_FENCE.als,?,INSTANCE
wwc_TB_01_2_SCOPE_DEVICE_FENCE_SCOPE_BLOCK_THREAD_1_FENCE_ACQ.als,?,INSTANCE
wwc_TB_01_2_SCOPE_DEVICE_FENCE_SCOPE_BLOCK_THREAD_1_FENCE_REL.als,?,INSTANCE
wwc_TB_01_2_SCOPE_DEVICE_FENCE_SCOPE_BLOCK_THREAD_2_FENCE_ACQ.als,?,INSTANCE
wwc_TB_01_2_SCOPE_DEVICE_FENCE_SCOPE_BLOCK_THREAD_2_FENCE_REL.als,?,INSTANCE
wwc_TB_01_2_SCOPE_DEVICE_FENCE_SCOPE_DEVICE_BOTH_FENCE.als,?,UNSAT
wwc_TB_01_2_SCOPE_DEVICE_FENCE_SCOPE_DEVICE_THREAD_1_FENCE_ACQ.als,?,UNSAT
wwc_TB_01_2_SCOPE_DEVICE_FENCE_SCOPE_DEVICE_THREAD_1_FENCE_REL.als,?,INSTANCE
wwc_TB_01_2_SCOPE_DEVICE_FENCE_SCOPE_DEVICE_THREAD_2_FENCE_ACQ.als,?,INSTANCE
wwc_TB_01_2_SCOPE_DEVICE_FENCE_SCOPE_DEVICE_THREAD_2_FENCE_REL.als,?,UNSAT
wwc_TB_01_2_SCOPE_DEVICE_NO_FENCE_ACQ_ACQ.als,?,INSTANCE
wwc_TB_01_2_SCOPE_DEVICE_NO_FENCE_ACQ_REL.als,?,INSTANCE
wwc_TB_01_2_SCOPE_DEVICE_NO_FENCE_REL_ACQ.als,?,UNSAT
wwc_TB_01_2_SCOPE_DEVICE_NO_FENCE_REL_REL.als,?,INSTANCE
wwc_TB_01_2_SCOPE_DEVICE_NO_FENCE_RELAXED.als,?,INSTANCE
wwc_TB_012_SCOPE_BLOCK_FENCE_SCOPE_BLOCK_BOTH_FENCE.als,?,UNSAT
wwc_TB_012_SCOPE_BLOCK_FENCE_SCOPE_BLOCK_THREAD_1_FENCE_ACQ.als,?,UNSAT
wwc_TB_012_SCOPE_BLOCK_FENCE_SCOPE_BLOCK_THREAD_1_FENCE_REL.als,?,INSTANCE
wwc_TB_012_SCOPE_BLOCK_FENCE_SCOPE_BLOCK_THREAD_2_FENCE_ACQ.als,?,INSTANCE
wwc_TB_012_SCOPE_BLOCK_FENCE_SCOPE_BLOCK_THREAD_2_FENCE_REL.als,?,UNSAT
wwc_TB_012_SCOPE_BLOCK_FENCE_SCOPE_DEVICE_BOTH_FENCE.als,?,UNSAT
wwc_TB_012_SCOPE_BLOCK_FENCE_SCOPE_DEVICE_THREAD_1_FENCE_ACQ.als,?,UNSAT
wwc_TB_012_SCOPE_BLOCK_FENCE_SCOPE_DEVICE_THREAD_1_FENCE_REL.als,?,INSTANCE
wwc_TB_012_SCOPE_BLOCK_FENCE_SCOPE_DEVICE_THREAD_2_FENCE_ACQ.als,?,INSTANCE
wwc_TB_012_SCOPE_BLOCK_FENCE_SCOPE_DEVICE_THREAD_2_FENCE_REL.als,?,UNSAT
wwc_TB_012_SCOPE_BLOCK_NO_FENCE_ACQ_ACQ.als,?,INSTANCE
wwc_TB_012_SCOPE_BLOCK_NO_FENCE_ACQ_REL.als,?,INSTANCE
wwc_TB_012_SCOPE_BLOCK_NO_FENCE_REL_ACQ.als,?,UNSAT
wwc_TB_012_SCOPE_BLOCK_NO_FENCE_REL_REL.als,?,INSTANCE
wwc_TB_012_SCOPE_BLOCK_NO_FENCE_RELAXED.als,?,INSTANCE
wwc_TB_012_SCOPE_DEVICE_FENCE_SCOPE_BLOCK_BOTH_FENCE.als,?,UNSAT
wwc_TB_012_SCOPE_DEVICE_FENCE_SCOPE_BLOCK_THREAD_1_FENCE_ACQ.als,?,UNSAT
wwc_TB_012_SCOPE_DEVICE_FENCE_SCOPE_BLOCK_THREAD_1_FENCE_REL.als,?,INSTANCE
wwc_TB_012_SCOPE_DEVICE_FENCE_SCOPE_BLOCK_THREAD_2_FENCE_ACQ.als,?,INSTANCE
wwc_TB_012_SCOPE_DEVICE_FENCE_SCOPE_BLOCK_THREAD_2_FENCE_REL.als,?,UNSAT
wwc_TB_012_SCOPE_DEVICE_FENCE_SCOPE_DEVICE_BOTH_FENCE.als,?,UNSAT
wwc_TB_012_SCOPE_DEVICE_FENCE_SCOPE_DEVICE_THREAD_1_FENCE_ACQ.als,?,UNSAT
wwc_TB_012_SCOPE_DEVICE_FENCE_SCOPE_DEVICE_THREAD_1_FENCE_REL.als,?,INSTANCE
wwc_TB_012_SCOPE_DEVICE_FENCE_SCOPE_DEVICE_THREAD_2_FENCE_ACQ.als,?,INSTANCE
wwc_TB_012_SCOPE_DEVICE_FENCE_SCOPE_DEVICE_THREAD_2_FENCE_REL.als,?,UNSAT
wwc_TB_012_SCOPE_DEVICE_NO_FENCE_ACQ_ACQ.als,?,INSTANCE
wwc_TB_012_SCOPE_DEVICE_NO_FENCE_ACQ_REL.als,?,INSTANCE
wwc_TB_012_SCOPE_DEVICE_NO_FENCE_REL_ACQ.als,?,UNSAT
wwc_TB_012_SCOPE_DEVICE_NO_FENCE_REL_REL.als,?,INSTANCE
wwc_TB_012_SCOPE_DEVICE_NO_FENCE_RELAXED.als,?,INSTANCE
wwc_TB_1_02_SCOPE_BLOCK_FENCE_SCOPE_BLOCK_BOTH_FENCE.als,?,INSTANCE
wwc_TB_1_02_SCOPE_BLOCK_FENCE_SCOPE_BLOCK_THREAD_1_FENCE_ACQ.als,?,INSTANCE
wwc_TB_1_02_SCOPE_BLOCK_FENCE_SCOPE_BLOCK_THREAD_1_FENCE_REL.als,?,INSTANCE
wwc_TB_1_02_SCOPE_BLOCK_FENCE_SCOPE_BLOCK_THREAD_2_FENCE_ACQ.als,?,INSTANCE
wwc_TB_1_02_SCOPE_BLOCK_FENCE_SCOPE_BLOCK_THREAD_2_FENCE_REL.als,?,INSTANCE
wwc_TB_1_02_SCOPE_BLOCK_FENCE_SCOPE_DEVICE_BOTH_FENCE.als,?,INSTANCE
wwc_TB_1_02_SCOPE_BLOCK_FENCE_SCOPE_DEVICE_THREAD_1_FENCE_ACQ.als,?,INSTANCE
wwc_TB_1_02_SCOPE_BLOCK_FENCE_SCOPE_DEVICE_THREAD_1_FENCE_REL.als,?,INSTANCE
wwc_TB_1_02_SCOPE_BLOCK_FENCE_SCOPE_DEVICE_THREAD_2_FENCE_ACQ.als,?,INSTANCE
wwc_TB_1_02_SCOPE_BLOCK_FENCE_SCOPE_DEVICE_THREAD_2_FENCE_REL.als,?,INSTANCE
wwc_TB_1_02_SCOPE_BLOCK_NO_FENCE_ACQ_ACQ.als,?,INSTANCE
wwc_TB_1_02_SCOPE_BLOCK_NO_FENCE_ACQ_REL.als,?,INSTANCE
wwc_TB_1_02_SCOPE_BLOCK_NO_FENCE_REL_ACQ.als,?,INSTANCE
wwc_TB_1_02_SCOPE_BLOCK_NO_FENCE_REL_REL.als,?,INSTANCE
wwc_TB_1_02_SCOPE_BLOCK_NO_FENCE_RELAXED.als,?,INSTANCE
wwc_TB_1_02_SCOPE_DEVICE_FENCE_SCOPE_BLOCK_BOTH_FENCE.als,?,INSTANCE
wwc_TB_1_02_SCOPE_DEVICE_FENCE_SCOPE_BLOCK_THREAD_1_FENCE_ACQ.als,?,INSTANCE
wwc_TB_1_02_SCOPE_DEVICE_FENCE_SCOPE_BLOCK_THREAD_1_FENCE_REL.als,?,INSTANCE
wwc_TB_1_02_SCOPE_DEVICE_FENCE_SCOPE_BLOCK_THREAD_2_FENCE_ACQ.als,?,INSTANCE
wwc_TB_1_02_SCOPE_DEVICE_FENCE_SCOPE_BLOCK_THREAD_2_FENCE_REL.als,?,INSTANCE
wwc_TB_1_02_SCOPE_DEVICE_FENCE_SCOPE_DEVICE_BOTH_FENCE.als,?,UNSAT
wwc_TB_1_02_SCOPE_DEVICE_FENCE_SCOPE_DEVICE_THREAD_1_FENCE_ACQ.als,?,UNSAT
wwc_TB_1_02_SCOPE_DEVICE_FENCE_SCOPE_DEVICE_THREAD_1_FENCE_REL.als,?,INSTANCE
wwc_TB_1_02_SCOPE_DEVICE_FENCE_SCOPE_DEVICE_THREAD_2_FENCE_ACQ.als,?,INSTANCE
wwc_TB_1_02_SCOPE_DEVICE_FENCE_SCOPE_DEVICE_THREAD_2_FENCE_REL.als,?,UNSAT
wwc_TB_1_02_SCOPE_DEVICE_NO_FENCE_ACQ_ACQ.als,?,INSTANCE
wwc_TB_1_02_SCOPE_DEVICE_NO_FENCE_ACQ_REL.als,?,INSTANCE
wwc_TB_1_02_SCOPE_DEVICE_NO_FENCE_REL_ACQ.als,?,UNSAT
wwc_TB_1_02_SCOPE_DEVICE_NO_FENCE_REL_REL.als,?,INSTANCE
wwc_TB_1_02_SCOPE_DEVICE_NO_FENCE_RELAXED.als,?,INSTANCE
z6_3_TB_0_1_2_SCOPE_BLOCK_FENCE_SCOPE_BLOCK_ALL_FENCE.als,?,INSTANCE
z6_3_TB_0_1_2_SCOPE_BLOCK_FENCE_SCOPE_BLOCK_FENCE_0.als,?,INSTANCE
z6_3_TB_0_1_2_SCOPE_BLOCK_FENCE_SCOPE_BLOCK_FENCE_01.als,?,INSTANCE
z6_3_TB_0_1_2_SCOPE_BLOCK_FENCE_SCOPE_BLOCK_FENCE_02.als,?,INSTANCE
z6_3_TB_0_1_2_SCOPE_BLOCK_FENCE_SCOPE_BLOCK_FENCE_1.als,?,INSTANCE
z6_3_TB_0_1_2_SCOPE_BLOCK_FENCE_SCOPE_BLOCK_FENCE_12.als,?,INSTANCE
z6_3_TB_0_1_2_SCOPE_BLOCK_FENCE_SCOPE_BLOCK_FENCE_2.als,?,INSTANCE
z6_3_TB_0_1_2_SCOPE_BLOCK_FENCE_SCOPE_DEVICE_ALL_FENCE.als,?,INSTANCE
z6_3_TB_0_1_2_SCOPE_BLOCK_FENCE_SCOPE_DEVICE_FENCE_0.als,?,INSTANCE
z6_3_TB_0_1_2_SCOPE_BLOCK_FENCE_SCOPE_DEVICE_FENCE_01.als,?,INSTANCE
z6_3_TB_0_1_2_SCOPE_BLOCK_FENCE_SCOPE_DEVICE_FENCE_02.als,?,INSTANCE
z6_3_TB_0_1_2_SCOPE_BLOCK_FENCE_SCOPE_DEVICE_FENCE_1.als,?,INSTANCE
z6_3_TB_0_1_2_SCOPE_BLOCK_FENCE_SCOPE_DEVICE_FENCE_12.als,?,INSTANCE
z6_3_TB_0_1_2_SCOPE_BLOCK_FENCE_SCOPE_DEVICE_FENCE_2.als,?,INSTANCE
z6_3_TB_0_1_2_SCOPE_BLOCK_NO_FENCE_ACQ_REL.als,?,INSTANCE
z6_3_TB_0_1_2_SCOPE_BLOCK_NO_FENCE_RELAXED.als,?,INSTANCE
z6_3_TB_0_1_2_SCOPE_DEVICE_FENCE_SCOPE_BLOCK_ALL_FENCE.als,?,INSTANCE
z6_3_TB_0_1_2_SCOPE_DEVICE_FENCE_SCOPE_BLOCK_FENCE_0.als,?,INSTANCE
z6_3_TB_0_1_2_SCOPE_DEVICE_FENCE_SCOPE_BLOCK_FENCE_01.als,?,INSTANCE
z6_3_TB_0_1_2_SCOPE_DEVICE_FENCE_SCOPE_BLOCK_FENCE_02.als,?,INSTANCE
z6_3_TB_0_1_2_SCOPE_DEVICE_FENCE_SCOPE_BLOCK_FENCE_1.als,?,INSTANCE
z6_3_TB_0_1_2_SCOPE_DEVICE_FENCE_SCOPE_BLOCK_FENCE_12.als,?,INSTANCE
z6_3_TB_0_1_2_SCOPE_DEVICE_FENCE_SCOPE_BLOCK_FENCE_2.als,?,INSTANCE
z6_3_TB_0_1_2_SCOPE_DEVICE_FENCE_SCOPE_DEVICE_ALL_FENCE.als,?,INSTANCE
z6_3_TB_0_1_2_SCOPE_DEVICE_FENCE_SCOPE_DEVICE_FENCE_0.als,?,INSTANCE
z6_3_TB_0_1_2_SCOPE_DEVICE_FENCE_SCOPE_DEVICE_FENCE_01.als,?,INSTANCE
z6_3_TB_0_1_2_SCOPE_DEVICE_FENCE_SCOPE_DEVICE_FENCE_02.als,?,INSTANCE
z6_3_TB_0_1_2_SCOPE_DEVICE_FENCE_SCOPE_DEVICE_FENCE_1.als,?,INSTANCE
z6_3_TB_0_1_2_SCOPE_DEVICE_FENCE_SCOPE_DEVICE_FENCE_12.als,?,INSTANCE
z6_3_TB_0_1_2_SCOPE_DEVICE_FENCE_SCOPE_DEVICE_FENCE_2.als,?,INSTANCE
z6_3_TB_0_1_2_SCOPE_DEVICE_NO_FENCE_ACQ_REL.als,?,INSTANCE
z6_3_TB_0_1_2_SCOPE_DEVICE_NO_FENCE_RELAXED.als,?,INSTANCE
z6_3_TB_0_12_SCOPE_BLOCK_FENCE_SCOPE_BLOCK_ALL_FENCE.als,?,INSTANCE
z6_3_TB_0_12_SCOPE_BLOCK_FENCE_SCOPE_BLOCK_FENCE_0.als,?,INSTANCE
z6_3_TB_0_12_SCOPE_BLOCK_FENCE_SCOPE_BLOCK_FENCE_01.als,?,INSTANCE
z6_3_TB_0_12_SCOPE_BLOCK_FENCE_SCOPE_BLOCK_FENCE_02.als,?,INSTANCE
z6_3_TB_0_12_SCOPE_BLOCK_FENCE_SCOPE_BLOCK_FENCE_1.als,?,INSTANCE
z6_3_TB_0_12_SCOPE_BLOCK_FENCE_SCOPE_BLOCK_FENCE_12.als,?,INSTANCE
z6_3_TB_0_12_SCOPE_BLOCK_FENCE_SCOPE_BLOCK_FENCE_2.als,?,INSTANCE
z6_3_TB_0_12_SCOPE_BLOCK_FENCE_SCOPE_DEVICE_ALL_FENCE.als,?,INSTANCE
z6_3_TB_0_12_SCOPE_BLOCK_FENCE_SCOPE_DEVICE_FENCE_0.als,?,INSTANCE
z6_3_TB_0_12_SCOPE_BLOCK_FENCE_SCOPE_DEVICE_FENCE_01.als,?,INSTANCE
z6_3_TB_0_12_SCOPE_BLOCK_FENCE_SCOPE_DEVICE_FENCE_02.als,?,INSTANCE
z6_3_TB_0_12_SCOPE_BLOCK_FENCE_SCOPE_DEVICE_FENCE_1.als,?,INSTANCE
z6_3_TB_0_12_SCOPE_BLOCK_FENCE_SCOPE_DEVICE_FENCE_12.als,?,INSTANCE
z6_3_TB_0_12_SCOPE_BLOCK_FENCE_SCOPE_DEVICE_FENCE_2.als,?,INSTANCE
z6_3_TB_0_12_SCOPE_BLOCK_NO_FENCE_ACQ_REL.als,?,INSTANCE
z6_3_TB_0_12_SCOPE_BLOCK_NO_FENCE_RELAXED.als,?,INSTANCE
z6_3_TB_0_12_SCOPE_DEVICE_FENCE_SCOPE_BLOCK_ALL_FENCE.als,?,INSTANCE
z6_3_TB_0_12_SCOPE_DEVICE_FENCE_SCOPE_BLOCK_FENCE_0.als,?,INSTANCE
z6_3_TB_0_12_SCOPE_DEVICE_FENCE_SCOPE_BLOCK_FENCE_01.als,?,INSTANCE
z6_3_TB_0_12_SCOPE_DEVICE_FENCE_SCOPE_BLOCK_FENCE_02.als,?,INSTANCE
z6_3_TB_0_12_SCOPE_DEVICE_FENCE_SCOPE_BLOCK_FENCE_1.als,?,INSTANCE
z6_3_TB_0_12_SCOPE_DEVICE_FENCE_SCOPE_BLOCK_FENCE_12.als,?,INSTANCE
z6_3_TB_0_12_SCOPE_DEVICE_FENCE_SCOPE_BLOCK_FENCE_2.als,?,INSTANCE
z6_3_TB_0_12_SCOPE_DEVICE_FENCE_SCOPE_DEVICE_ALL_FENCE.als,?,INSTANCE
z6_3_TB_0_12_SCOPE_DEVICE_FENCE_SCOPE_DEVICE_FENCE_0.als,?,INSTANCE
z6_3_TB_0_12_SCOPE_DEVICE_FENCE_SCOPE_DEVICE_FENCE_01.als,?,INSTANCE
z6_3_TB_0_12_SCOPE_DEVICE_FENCE_SCOPE_DEVICE_FENCE_02.als,?,INSTANCE
z6_3_TB_0_12_SCOPE_DEVICE_FENCE_SCOPE_DEVICE_FENCE_1.als,?,INSTANCE
z6_3_TB_0_12_SCOPE_DEVICE_FENCE_SCOPE_DEVICE_FENCE_12.als,?,INSTANCE
z6_3_TB_0_12_SCOPE_DEVICE_FENCE_SCOPE_DEVICE_FENCE_2.als,?,INSTANCE
z6_3_TB_0_12_SCOPE_DEVICE_NO_FENCE_ACQ_REL.als,?,INSTANCE
z6_3_TB_0_12_SCOPE_DEVICE_NO_FENCE_RELAXED.als,?,INSTANCE
z6_3_TB_01_2_SCOPE_BLOCK_FENCE_SCOPE_BLOCK_ALL_FENCE.als,?,INSTANCE
z6_3_TB_01_2_SCOPE_BLOCK_FENCE_SCOPE_BLOCK_FENCE_0.als,?,INSTANCE
z6_3_TB_01_2_SCOPE_BLOCK_FENCE_SCOPE_BLOCK_FENCE_01.als,?,INSTANCE
z6_3_TB_01_2_SCOPE_BLOCK_FENCE_SCOPE_BLOCK_FENCE_02.als,?,INSTANCE
z6_3_TB_01_2_SCOPE_BLOCK_FENCE_SCOPE_BLOCK_FENCE_1.als,?,INSTANCE
z6_3_TB_01_2_SCOPE_BLOCK_FENCE_SCOPE_BLOCK_FENCE_12.als,?,INSTANCE
z6_3_TB_01_2_SCOPE_BLOCK_FENCE_SCOPE_BLOCK_FENCE_2.als,?,INSTANCE
z6_3_TB_01_2_SCOPE_BLOCK_FENCE_SCOPE_DEVICE_ALL_FENCE.als,?,INSTANCE
z6_3_TB_01_2_SCOPE_BLOCK_FENCE_SCOPE_DEVICE_FENCE_0.als,?,INSTANCE
z6_3_TB_01_2_SCOPE_BLOCK_FENCE_SCOPE_DEVICE_FENCE_01.als,?,INSTANCE
z6_3_TB_01_2_SCOPE_BLOCK_FENCE_SCOPE_DEVICE_FENCE_02.als,?,INSTANCE
z6_3_TB_01_2_SCOPE_BLOCK_FENCE_SCOPE_DEVICE_FENCE_1.als,?,INSTANCE
z6_3_TB_01_2_SCOPE_BLOCK_FENCE_SCOPE_DEVICE_FENCE_12.als,?,INSTANCE
z6_3_TB_01_2_SCOPE_BLOCK_FENCE_SCOPE_DEVICE_FENCE_2.als,?,INSTANCE
z6_3_TB_01_2_SCOPE_BLOCK_NO_FENCE_ACQ_REL.als,?,INSTANCE
z6_3_TB_01_2_SCOPE_BLOCK_NO_FENCE_RELAXED.als,?,INSTANCE
z6_3_TB_01_2_SCOPE_DEVICE_FENCE_SCOPE_BLOCK_ALL_FENCE.als,?,INSTANCE
z6_3_TB_01_2_SCOPE_DEVICE_FENCE_SCOPE_BLOCK_FENCE_0.als,?,INSTANCE
z6_3_TB_01_2_SCOPE_DEVICE_FENCE_SCOPE_BLOCK_FENCE_01.als,?,INSTANCE
z6_3_TB_01_2_SCOPE_DEVICE_FENCE_SCOPE_BLOCK_FENCE_02.als,?,INSTANCE
z6_3_TB_01_2_SCOPE_DEVICE_FENCE_SCOPE_BLOCK_FENCE_1.als,?,INSTANCE
z6_3_TB_01_2_SCOPE_DEVICE_FENCE_SCOPE_BLOCK_FENCE_12.als,?,INSTANCE
z6_3_TB_01_2_SCOPE_DEVICE_FENCE_SCOPE_BLOCK_FENCE_2.als,?,INSTANCE
z6_3_TB_01_2_SCOPE_DEVICE_FENCE_SCOPE_DEVICE_ALL_FENCE.als,?,INSTANCE
z6_3_TB_01_2_SCOPE_DEVICE_FENCE_SCOPE_DEVICE_FENCE_0.als,?,INSTANCE
z6_3_TB_01_2_SCOPE_DEVICE_FENCE_SCOPE_DEVICE_FENCE_01.als,?,INSTANCE
z6_3_TB_01_2_SCOPE_DEVICE_FENCE_SCOPE_DEVICE_FENCE_02.als,?,INSTANCE
z6_3_TB_01_2_SCOPE_DEVICE_FENCE_SCOPE_DEVICE_FENCE_1.als,?,INSTANCE
z6_3_TB_01_2_SCOPE_DEVICE_FENCE_SCOPE_DEVICE_FENCE_12.als,?,INSTANCE
z6_3_TB_01_2_SCOPE_DEVICE_FENCE_SCOPE_DEVICE_FENCE_2.als,?,INSTANCE
z6_3_TB_01_2_SCOPE_DEVICE_NO_FENCE_ACQ_REL.als,?,INSTANCE
z6_3_TB_01_2_SCOPE_DEVICE_NO_FENCE_RELAXED.als,?,INSTANCE
z6_3_TB_012_SCOPE_BLOCK_FENCE_SCOPE_BLOCK_ALL_FENCE.als,?,INSTANCE
z6_3_TB_012_SCOPE_BLOCK_FENCE_SCOPE_BLOCK_FENCE_0.als,?,INSTANCE
z6_3_TB_012_SCOPE_BLOCK_FENCE_SCOPE_BLOCK_FENCE_01.als,?,INSTANCE
z6_3_TB_012_SCOPE_BLOCK_FENCE_SCOPE_BLOCK_FENCE_02.als,?,INSTANCE
z6_3_TB_012_SCOPE_BLOCK_FENCE_SCOPE_BLOCK_FENCE_1.als,?,INSTANCE
z6_3_TB_012_SCOPE_BLOCK_FENCE_SCOPE_BLOCK_FENCE_12.als,?,INSTANCE
z6_3_TB_012_SCOPE_BLOCK_FENCE_SCOPE_BLOCK_FENCE_2.als,?,INSTANCE
z6_3_TB_012_SCOPE_BLOCK_FENCE_SCOPE_DEVICE_ALL_FENCE.als,?,INSTANCE
z6_3_TB_012_SCOPE_BLOCK_FENCE_SCOPE_DEVICE_FENCE_0.als,?,INSTANCE
z6_3_TB_012_SCOPE_BLOCK_FENCE_SCOPE_DEVICE_FENCE_01.als,?,INSTANCE
z6_3_TB_012_SCOPE_BLOCK_FENCE_SCOPE_DEVICE_FENCE_02.als,?,INSTANCE
z6_3_TB_012_SCOPE_BLOCK_FENCE_SCOPE_DEVICE_FENCE_1.als,?,INSTANCE
z6_3_TB_012_SCOPE_BLOCK_FENCE_SCOPE_DEVICE_FENCE_12.als,?,INSTANCE
z6_3_TB_012_SCOPE_BLOCK_FENCE_SCOPE_DEVICE_FENCE_2.als,?,INSTANCE
z6_3_TB_012_SCOPE_BLOCK_NO_FENCE_ACQ_REL.als,?,INSTANCE
z6_3_TB_012_SCOPE_BLOCK_NO_FENCE_RELAXED.als,?,INSTANCE
z6_3_TB_012_SCOPE_DEVICE_FENCE_SCOPE_BLOCK_ALL_FENCE.als,?,INSTANCE
z6_3_TB_012_SCOPE_DEVICE_FENCE_SCOPE_BLOCK_FENCE_0.als,?,INSTANCE
z6_3_TB_012_SCOPE_DEVICE_FENCE_SCOPE_BLOCK_FENCE_01.als,?,INSTANCE
z6_3_TB_012_SCOPE_DEVICE_FENCE_SCOPE_BLOCK_FENCE_02.als,?,INSTANCE
z6_3_TB_012_SCOPE_DEVICE_FENCE_SCOPE_BLOCK_FENCE_1.als,?,INSTANCE
z6_3_TB_012_SCOPE_DEVICE_FENCE_SCOPE_BLOCK_FENCE_12.als,?,INSTANCE
z6_3_TB_012_SCOPE_DEVICE_FENCE_SCOPE_BLOCK_FENCE_2.als,?,INSTANCE
z6_3_TB_012_SCOPE_DEVICE_FENCE_SCOPE_DEVICE_ALL_FENCE.als,?,INSTANCE
z6_3_TB_012_SCOPE_DEVICE_FENCE_SCOPE_DEVICE_FENCE_0.als,?,INSTANCE
z6_3_TB_012_SCOPE_DEVICE_FENCE_SCOPE_DEVICE_FENCE_01.als,?,INSTANCE
z6_3_TB_012_SCOPE_DEVICE_FENCE_SCOPE_DEVICE_FENCE_02.als,?,INSTANCE
z6_3_TB_012_SCOPE_DEVICE_FENCE_SCOPE_DEVICE_FENCE_1.als,?,INSTANCE
z6_3_TB_012_SCOPE_DEVICE_FENCE_SCOPE_DEVICE_FENCE_12.als,?,INSTANCE
z6_3_TB_012_SCOPE_DEVICE_FENCE_SCOPE_DEVICE_FENCE_2.als,?,INSTANCE
z6_3_TB_012_SCOPE_DEVICE_NO_FENCE_ACQ_REL.als,?,INSTANCE
z6_3_TB_012_SCOPE_DEVICE_NO_FENCE_RELAXED.als,?,INSTANCE
z6_3_TB_1_02_SCOPE_BLOCK_FENCE_SCOPE_BLOCK_ALL_FENCE.als,?,INSTANCE
z6_3_TB_1_02_SCOPE_BLOCK_FENCE_SCOPE_BLOCK_FENCE_0.als,?,INSTANCE
z6_3_TB_1_02_SCOPE_BLOCK_FENCE_SCOPE_BLOCK_FENCE_01.als,?,INSTANCE
z6_3_TB_1_02_SCOPE_BLOCK_FENCE_SCOPE_BLOCK_FENCE_02.als,?,INSTANCE
z6_3_TB_1_02_SCOPE_BLOCK_FENCE_SCOPE_BLOCK_FENCE_1.als,?,INSTANCE
z6_3_TB_1_02_SCOPE_BLOCK_FENCE_SCOPE_BLOCK_FENCE_12.als,?,INSTANCE
z6_3_TB_1_02_SCOPE_BLOCK_FENCE_SCOPE_BLOCK_FENCE_2.als,?,INSTANCE
z6_3_TB_1_02_SCOPE_BLOCK_FENCE_SCOPE_DEVICE_ALL_FENCE.als,?,INSTANCE
z6_3_TB_1_02_SCOPE_BLOCK_FENCE_SCOPE_DEVICE_FENCE_0.als,?,INSTANCE
z6_3_TB_1_02_SCOPE_BLOCK_FENCE_SCOPE_DEVICE_FENCE_01.als,?,INSTANCE
z6_3_TB_1_02_SCOPE_BLOCK_FENCE_SCOPE_DEVICE_FENCE_02.als,?,INSTANCE
z6_3_TB_1_02_SCOPE_BLOCK_FENCE_SCOPE_DEVICE_FENCE_1.als,?,INSTANCE
z6_3_TB_1_02_SCOPE_BLOCK_FENCE_SCOPE_DEVICE_FENCE_12.als,?,INSTANCE
z6_3_TB_1_02_SCOPE_BLOCK_FENCE_SCOPE_DEVICE_FENCE_2.als,?,INSTANCE
z6_3_TB_1_02_SCOPE_BLOCK_NO_FENCE_ACQ_REL.als,?,INSTANCE
z6_3_TB_1_02_SCOPE_BLOCK_NO_FENCE_RELAXED.als,?,INSTANCE
z6_3_TB_1_02_SCOPE_DEVICE_FENCE_SCOPE_BLOCK_ALL_FENCE.als,?,INSTANCE
z6_3_TB_1_02_SCOPE_DEVICE_FENCE_SCOPE_BLOCK_FENCE_0.als,?,INSTANCE
z6_3_TB_1_02_SCOPE_DEVICE_FENCE_SCOPE_BLOCK_FENCE_01.als,?,INSTANCE
z6_3_TB_1_02_SCOPE_DEVICE_FENCE_SCOPE_BLOCK_FENCE_02.als,?,INSTANCE
z6_3_TB_1_02_SCOPE_DEVICE_FENCE_SCOPE_BLOCK_FENCE_1.als,?,INSTANCE
z6_3_TB_1_02_SCOPE_DEVICE_FENCE_SCOPE_BLOCK_FENCE_12.als,?,INSTANCE
z6_3_TB_1_02_SCOPE_DEVICE_FENCE_SCOPE_BLOCK_FENCE_2.als,?,INSTANCE
z6_3_TB_1_02_SCOPE_DEVICE_FENCE_SCOPE_DEVICE_ALL_FENCE.als,?,INSTANCE
z6_3_TB_1_02_SCOPE_DEVICE_FENCE_SCOPE_DEVICE_FENCE_0.als,?,INSTANCE
z6_3_TB_1_02_SCOPE_DEVICE_FENCE_SCOPE_DEVICE_FENCE_01.als,?,INSTANCE
z6_3_TB_1_02_SCOPE_DEVICE_FENCE_SCOPE_DEVICE_FENCE_02.als,?,INSTANCE
z6_3_TB_1_02_SCOPE_DEVICE_FENCE_SCOPE_DEVICE_FENCE_1.als,?,INSTANCE
z6_3_TB_1_02_SCOPE_DEVICE_FENCE_SCOPE_DEVICE_FENCE_12.als,?,INSTANCE
z6_3_TB_1_02_SCOPE_DEVICE_FENCE_SCOPE_DEVICE_FENCE_2.als,?,INSTANCE
z6_3_TB_1_02_SCOPE_DEVICE_NO_FENCE_ACQ_REL.als,?,INSTANCE
z6_3_TB_1_02_SCOPE_DEVICE_NO_FENCE_RELAXED.als,?,INSTANCE
